date,region,avarage from n days back,Liczba zajętych respiratorów (stan ciężki),prediction
2021-03-21,DOLNOŚLĄSKIE,1,179,189.19969177246094
2021-03-22,DOLNOŚLĄSKIE,1,176,188.0835418701172
2021-03-23,DOLNOŚLĄSKIE,1,176,184.18838500976562
2021-03-24,DOLNOŚLĄSKIE,1,195,188.81930541992188
2021-03-25,DOLNOŚLĄSKIE,1,209,176.71588134765625
2021-03-26,DOLNOŚLĄSKIE,1,206,198.1173553466797
2021-03-27,DOLNOŚLĄSKIE,1,206,194.46368408203125
2021-03-28,DOLNOŚLĄSKIE,1,231,189.7703094482422
2021-03-29,DOLNOŚLĄSKIE,1,226,200.46615600585938
2021-03-30,DOLNOŚLĄSKIE,1,239,206.53244018554688
2021-03-31,DOLNOŚLĄSKIE,1,246,190.92637634277344
2021-04-01,DOLNOŚLĄSKIE,1,233,187.51953125
2021-04-02,DOLNOŚLĄSKIE,1,234,208.51551818847656
2021-04-03,DOLNOŚLĄSKIE,1,251,216.8050079345703
2021-04-04,DOLNOŚLĄSKIE,1,261,208.5948486328125
2021-04-05,DOLNOŚLĄSKIE,1,263,197.15444946289062
2021-04-06,DOLNOŚLĄSKIE,1,252,150.94326782226562
2021-04-07,DOLNOŚLĄSKIE,1,258,167.26187133789062
2021-04-08,DOLNOŚLĄSKIE,1,267,160.06430053710938
2021-04-09,DOLNOŚLĄSKIE,1,265,151.56198120117188
2021-04-10,DOLNOŚLĄSKIE,1,263,146.28009033203125
2021-04-11,DOLNOŚLĄSKIE,1,253,130.19508361816406
2021-04-12,DOLNOŚLĄSKIE,1,256,140.48382568359375
2021-04-13,DOLNOŚLĄSKIE,1,261,139.40940856933594
2021-04-14,DOLNOŚLĄSKIE,1,263,147.04840087890625
2021-04-15,DOLNOŚLĄSKIE,1,267,128.73129272460938
2021-04-16,DOLNOŚLĄSKIE,1,264,121.94435119628906
2021-04-17,DOLNOŚLĄSKIE,1,271,117.77023315429688
2021-04-18,DOLNOŚLĄSKIE,1,278,121.67814636230469
2021-04-19,DOLNOŚLĄSKIE,1,271,119.79400634765625
2021-03-21,KUJAWSKO-POMORSKIE,1,155,155.28225708007812
2021-03-22,KUJAWSKO-POMORSKIE,1,157,155.19227600097656
2021-03-23,KUJAWSKO-POMORSKIE,1,154,149.60662841796875
2021-03-24,KUJAWSKO-POMORSKIE,1,161,156.2725067138672
2021-03-25,KUJAWSKO-POMORSKIE,1,159,144.14219665527344
2021-03-26,KUJAWSKO-POMORSKIE,1,162,160.18870544433594
2021-03-27,KUJAWSKO-POMORSKIE,1,169,158.0836639404297
2021-03-28,KUJAWSKO-POMORSKIE,1,162,155.65000915527344
2021-03-29,KUJAWSKO-POMORSKIE,1,169,160.8065643310547
2021-03-30,KUJAWSKO-POMORSKIE,1,161,166.3994140625
2021-03-31,KUJAWSKO-POMORSKIE,1,181,152.37033081054688
2021-04-01,KUJAWSKO-POMORSKIE,1,186,151.96481323242188
2021-04-02,KUJAWSKO-POMORSKIE,1,183,171.46669006347656
2021-04-03,KUJAWSKO-POMORSKIE,1,180,176.88323974609375
2021-04-04,KUJAWSKO-POMORSKIE,1,186,170.26416015625
2021-04-05,KUJAWSKO-POMORSKIE,1,176,160.6493682861328
2021-04-06,KUJAWSKO-POMORSKIE,1,186,121.81981658935547
2021-04-07,KUJAWSKO-POMORSKIE,1,184,137.15866088867188
2021-04-08,KUJAWSKO-POMORSKIE,1,183,132.08279418945312
2021-04-09,KUJAWSKO-POMORSKIE,1,186,124.16436004638672
2021-04-10,KUJAWSKO-POMORSKIE,1,192,122.27274322509766
2021-04-11,KUJAWSKO-POMORSKIE,1,196,109.03836822509766
2021-04-12,KUJAWSKO-POMORSKIE,1,207,113.08773040771484
2021-04-13,KUJAWSKO-POMORSKIE,1,185,110.40496063232422
2021-04-14,KUJAWSKO-POMORSKIE,1,189,118.63050842285156
2021-04-15,KUJAWSKO-POMORSKIE,1,176,108.49942779541016
2021-04-16,KUJAWSKO-POMORSKIE,1,181,101.80924224853516
2021-04-17,KUJAWSKO-POMORSKIE,1,178,99.01253509521484
2021-04-18,KUJAWSKO-POMORSKIE,1,180,101.95954895019531
2021-04-19,KUJAWSKO-POMORSKIE,1,167,98.44380187988281
2021-03-21,LUBELSKIE,1,114,129.34458923339844
2021-03-22,LUBELSKIE,1,124,127.67814636230469
2021-03-23,LUBELSKIE,1,119,125.0030288696289
2021-03-24,LUBELSKIE,1,119,128.4552459716797
2021-03-25,LUBELSKIE,1,120,120.89790344238281
2021-03-26,LUBELSKIE,1,133,133.83651733398438
2021-03-27,LUBELSKIE,1,123,131.75247192382812
2021-03-28,LUBELSKIE,1,127,130.14418029785156
2021-03-29,LUBELSKIE,1,131,135.64083862304688
2021-03-30,LUBELSKIE,1,140,139.81832885742188
2021-03-31,LUBELSKIE,1,140,127.3475112915039
2021-04-01,LUBELSKIE,1,134,124.16021728515625
2021-04-02,LUBELSKIE,1,142,144.2138671875
2021-04-03,LUBELSKIE,1,146,151.743896484375
2021-04-04,LUBELSKIE,1,144,146.1368865966797
2021-04-05,LUBELSKIE,1,148,133.3514404296875
2021-04-06,LUBELSKIE,1,161,103.40076446533203
2021-04-07,LUBELSKIE,1,160,114.95306396484375
2021-04-08,LUBELSKIE,1,158,110.33168029785156
2021-04-09,LUBELSKIE,1,153,103.41400146484375
2021-04-10,LUBELSKIE,1,161,101.14730072021484
2021-04-11,LUBELSKIE,1,160,91.0655746459961
2021-04-12,LUBELSKIE,1,164,94.76194763183594
2021-04-13,LUBELSKIE,1,154,94.06392669677734
2021-04-14,LUBELSKIE,1,151,99.82662963867188
2021-04-15,LUBELSKIE,1,144,90.90909576416016
2021-04-16,LUBELSKIE,1,147,85.51448059082031
2021-04-17,LUBELSKIE,1,150,82.54276275634766
2021-04-18,LUBELSKIE,1,143,85.55243682861328
2021-04-19,LUBELSKIE,1,143,82.72560119628906
2021-03-21,LUBUSKIE,1,89,83.8308334350586
2021-03-22,LUBUSKIE,1,100,84.23394775390625
2021-03-23,LUBUSKIE,1,93,84.3050308227539
2021-03-24,LUBUSKIE,1,92,86.23662567138672
2021-03-25,LUBUSKIE,1,92,81.72205352783203
2021-03-26,LUBUSKIE,1,97,91.27883911132812
2021-03-27,LUBUSKIE,1,110,89.09040832519531
2021-03-28,LUBUSKIE,1,110,88.06876373291016
2021-03-29,LUBUSKIE,1,103,93.63935089111328
2021-03-30,LUBUSKIE,1,101,97.50082397460938
2021-03-31,LUBUSKIE,1,103,88.77628326416016
2021-04-01,LUBUSKIE,1,103,88.8420639038086
2021-04-02,LUBUSKIE,1,109,97.823974609375
2021-04-03,LUBUSKIE,1,106,104.77942657470703
2021-04-04,LUBUSKIE,1,114,101.34751892089844
2021-04-05,LUBUSKIE,1,122,96.79955291748047
2021-04-06,LUBUSKIE,1,121,70.728515625
2021-04-07,LUBUSKIE,1,120,78.48858642578125
2021-04-08,LUBUSKIE,1,111,76.35252380371094
2021-04-09,LUBUSKIE,1,110,70.99868774414062
2021-04-10,LUBUSKIE,1,111,67.5990219116211
2021-04-11,LUBUSKIE,1,112,61.308128356933594
2021-04-12,LUBUSKIE,1,111,66.12481689453125
2021-04-13,LUBUSKIE,1,101,66.23258209228516
2021-04-14,LUBUSKIE,1,104,68.44843292236328
2021-04-15,LUBUSKIE,1,102,60.434139251708984
2021-04-16,LUBUSKIE,1,95,57.3874626159668
2021-04-17,LUBUSKIE,1,106,55.04280471801758
2021-04-18,LUBUSKIE,1,102,56.05242919921875
2021-04-19,LUBUSKIE,1,107,55.08595275878906
2021-03-21,MAZOWIECKIE,1,380,398.13134765625
2021-03-22,MAZOWIECKIE,1,412,397.97174072265625
2021-03-23,MAZOWIECKIE,1,431,386.5696105957031
2021-03-24,MAZOWIECKIE,1,444,404.33026123046875
2021-03-25,MAZOWIECKIE,1,477,370.685302734375
2021-03-26,MAZOWIECKIE,1,478,421.2012939453125
2021-03-27,MAZOWIECKIE,1,496,419.662353515625
2021-03-28,MAZOWIECKIE,1,502,418.12677001953125
2021-03-29,MAZOWIECKIE,1,529,433.4002685546875
2021-03-30,MAZOWIECKIE,1,515,443.81756591796875
2021-03-31,MAZOWIECKIE,1,506,408.7616271972656
2021-04-01,MAZOWIECKIE,1,512,413.0433654785156
2021-04-02,MAZOWIECKIE,1,514,471.7940673828125
2021-04-03,MAZOWIECKIE,1,513,485.515625
2021-04-04,MAZOWIECKIE,1,513,465.9431457519531
2021-04-05,MAZOWIECKIE,1,508,444.975341796875
2021-04-06,MAZOWIECKIE,1,509,306.1838684082031
2021-04-07,MAZOWIECKIE,1,522,350.753662109375
2021-04-08,MAZOWIECKIE,1,536,347.3498229980469
2021-04-09,MAZOWIECKIE,1,550,314.723388671875
2021-04-10,MAZOWIECKIE,1,547,308.7138977050781
2021-04-11,MAZOWIECKIE,1,551,266.5181884765625
2021-04-12,MAZOWIECKIE,1,552,283.5039978027344
2021-04-13,MAZOWIECKIE,1,559,276.853271484375
2021-04-14,MAZOWIECKIE,1,558,299.0323791503906
2021-04-15,MAZOWIECKIE,1,549,263.2313537597656
2021-04-16,MAZOWIECKIE,1,540,251.2518310546875
2021-04-17,MAZOWIECKIE,1,536,240.95697021484375
2021-04-18,MAZOWIECKIE,1,530,249.03579711914062
2021-04-19,MAZOWIECKIE,1,526,237.4032745361328
2021-03-21,MAŁOPOLSKIE,1,246,213.65005493164062
2021-03-22,MAŁOPOLSKIE,1,250,208.6577606201172
2021-03-23,MAŁOPOLSKIE,1,255,212.01132202148438
2021-03-24,MAŁOPOLSKIE,1,267,215.8499755859375
2021-03-25,MAŁOPOLSKIE,1,280,199.28733825683594
2021-03-26,MAŁOPOLSKIE,1,294,222.29815673828125
2021-03-27,MAŁOPOLSKIE,1,306,229.52487182617188
2021-03-28,MAŁOPOLSKIE,1,317,231.85516357421875
2021-03-29,MAŁOPOLSKIE,1,327,234.24330139160156
2021-03-30,MAŁOPOLSKIE,1,349,245.81008911132812
2021-03-31,MAŁOPOLSKIE,1,340,226.3601531982422
2021-04-01,MAŁOPOLSKIE,1,357,234.10678100585938
2021-04-02,MAŁOPOLSKIE,1,361,266.11370849609375
2021-04-03,MAŁOPOLSKIE,1,371,270.43939208984375
2021-04-04,MAŁOPOLSKIE,1,383,249.36317443847656
2021-04-05,MAŁOPOLSKIE,1,390,252.3175811767578
2021-04-06,MAŁOPOLSKIE,1,397,162.26768493652344
2021-04-07,MAŁOPOLSKIE,1,386,192.82723999023438
2021-04-08,MAŁOPOLSKIE,1,392,186.56634521484375
2021-04-09,MAŁOPOLSKIE,1,392,170.59056091308594
2021-04-10,MAŁOPOLSKIE,1,410,161.58392333984375
2021-04-11,MAŁOPOLSKIE,1,410,139.10833740234375
2021-04-12,MAŁOPOLSKIE,1,409,147.4504852294922
2021-04-13,MAŁOPOLSKIE,1,413,142.48805236816406
2021-04-14,MAŁOPOLSKIE,1,404,161.28013610839844
2021-04-15,MAŁOPOLSKIE,1,399,132.8218536376953
2021-04-16,MAŁOPOLSKIE,1,395,130.12088012695312
2021-04-17,MAŁOPOLSKIE,1,394,122.0296630859375
2021-04-18,MAŁOPOLSKIE,1,392,127.05958557128906
2021-04-19,MAŁOPOLSKIE,1,383,117.81884765625
2021-03-21,OPOLSKIE,1,48,47.73455810546875
2021-03-22,OPOLSKIE,1,53,47.36520767211914
2021-03-23,OPOLSKIE,1,53,49.58781051635742
2021-03-24,OPOLSKIE,1,53,50.139644622802734
2021-03-25,OPOLSKIE,1,51,48.17734909057617
2021-03-26,OPOLSKIE,1,55,51.39046096801758
2021-03-27,OPOLSKIE,1,54,53.564395904541016
2021-03-28,OPOLSKIE,1,60,52.09162521362305
2021-03-29,OPOLSKIE,1,56,55.13396072387695
2021-03-30,OPOLSKIE,1,56,57.67729949951172
2021-03-31,OPOLSKIE,1,63,51.97640609741211
2021-04-01,OPOLSKIE,1,59,54.9642219543457
2021-04-02,OPOLSKIE,1,66,60.83698654174805
2021-04-03,OPOLSKIE,1,66,62.998504638671875
2021-04-04,OPOLSKIE,1,66,58.3089485168457
2021-04-05,OPOLSKIE,1,71,54.96595001220703
2021-04-06,OPOLSKIE,1,66,39.705806732177734
2021-04-07,OPOLSKIE,1,77,43.91059875488281
2021-04-08,OPOLSKIE,1,65,43.37738037109375
2021-04-09,OPOLSKIE,1,67,41.35135269165039
2021-04-10,OPOLSKIE,1,70,38.01748275756836
2021-04-11,OPOLSKIE,1,70,33.1043701171875
2021-04-12,OPOLSKIE,1,72,35.64042663574219
2021-04-13,OPOLSKIE,1,65,35.48126220703125
2021-04-14,OPOLSKIE,1,70,37.88674545288086
2021-04-15,OPOLSKIE,1,73,32.0963134765625
2021-04-16,OPOLSKIE,1,72,31.19237518310547
2021-04-17,OPOLSKIE,1,67,28.352718353271484
2021-04-18,OPOLSKIE,1,64,29.711772918701172
2021-04-19,OPOLSKIE,1,64,27.801807403564453
2021-03-21,PODKARPACKIE,1,193,191.78953552246094
2021-03-22,PODKARPACKIE,1,202,190.7263946533203
2021-03-23,PODKARPACKIE,1,198,186.1007843017578
2021-03-24,PODKARPACKIE,1,211,193.09884643554688
2021-03-25,PODKARPACKIE,1,224,178.0890350341797
2021-03-26,PODKARPACKIE,1,215,199.3058624267578
2021-03-27,PODKARPACKIE,1,229,198.38543701171875
2021-03-28,PODKARPACKIE,1,223,194.77085876464844
2021-03-29,PODKARPACKIE,1,204,203.52267456054688
2021-03-30,PODKARPACKIE,1,225,208.1562957763672
2021-03-31,PODKARPACKIE,1,217,191.78656005859375
2021-04-01,PODKARPACKIE,1,225,193.37945556640625
2021-04-02,PODKARPACKIE,1,223,220.67005920410156
2021-04-03,PODKARPACKIE,1,225,232.52525329589844
2021-04-04,PODKARPACKIE,1,225,221.95265197753906
2021-04-05,PODKARPACKIE,1,229,201.9871826171875
2021-04-06,PODKARPACKIE,1,221,150.00674438476562
2021-04-07,PODKARPACKIE,1,222,168.02664184570312
2021-04-08,PODKARPACKIE,1,223,165.9376983642578
2021-04-09,PODKARPACKIE,1,221,151.32272338867188
2021-04-10,PODKARPACKIE,1,233,147.9950714111328
2021-04-11,PODKARPACKIE,1,231,130.53501892089844
2021-04-12,PODKARPACKIE,1,227,137.80206298828125
2021-04-13,PODKARPACKIE,1,233,136.89772033691406
2021-04-14,PODKARPACKIE,1,226,144.62326049804688
2021-04-15,PODKARPACKIE,1,224,131.0001983642578
2021-04-16,PODKARPACKIE,1,230,124.32749938964844
2021-04-17,PODKARPACKIE,1,218,117.94493103027344
2021-04-18,PODKARPACKIE,1,215,123.25904083251953
2021-04-19,PODKARPACKIE,1,208,117.08038330078125
2021-03-21,PODLASKIE,1,79,86.82636260986328
2021-03-22,PODLASKIE,1,81,84.30567169189453
2021-03-23,PODLASKIE,1,79,83.0498275756836
2021-03-24,PODLASKIE,1,83,86.50332641601562
2021-03-25,PODLASKIE,1,84,80.60315704345703
2021-03-26,PODLASKIE,1,91,88.83333587646484
2021-03-27,PODLASKIE,1,90,87.78247833251953
2021-03-28,PODLASKIE,1,87,85.70947265625
2021-03-29,PODLASKIE,1,89,88.32989501953125
2021-03-30,PODLASKIE,1,88,91.2650146484375
2021-03-31,PODLASKIE,1,89,84.19367980957031
2021-04-01,PODLASKIE,1,89,82.15740203857422
2021-04-02,PODLASKIE,1,86,96.01814270019531
2021-04-03,PODLASKIE,1,88,101.6595687866211
2021-04-04,PODLASKIE,1,86,95.23464965820312
2021-04-05,PODLASKIE,1,91,86.43993377685547
2021-04-06,PODLASKIE,1,87,69.8430404663086
2021-04-07,PODLASKIE,1,84,77.96437072753906
2021-04-08,PODLASKIE,1,82,73.73484802246094
2021-04-09,PODLASKIE,1,81,69.85362243652344
2021-04-10,PODLASKIE,1,81,68.47628021240234
2021-04-11,PODLASKIE,1,83,61.43739318847656
2021-04-12,PODLASKIE,1,82,64.80574798583984
2021-04-13,PODLASKIE,1,77,63.395389556884766
2021-04-14,PODLASKIE,1,79,67.691162109375
2021-04-15,PODLASKIE,1,77,62.27901840209961
2021-04-16,PODLASKIE,1,71,58.88238525390625
2021-04-17,PODLASKIE,1,78,56.63658905029297
2021-04-18,PODLASKIE,1,76,59.033260345458984
2021-04-19,PODLASKIE,1,78,56.45938491821289
2021-03-21,POLSKA,1,2420,2512.43798828125
2021-03-22,POLSKA,1,2512,2498.628662109375
2021-03-23,POLSKA,1,2542,2445.378662109375
2021-03-24,POLSKA,1,2634,2532.3544921875
2021-03-25,POLSKA,1,2730,2348.921875
2021-03-26,POLSKA,1,2810,2652.00537109375
2021-03-27,POLSKA,1,2877,2618.411865234375
2021-03-28,POLSKA,1,2985,2594.786865234375
2021-03-29,POLSKA,1,3045,2703.2099609375
2021-03-30,POLSKA,1,3063,2760.935302734375
2021-03-31,POLSKA,1,3142,2544.150634765625
2021-04-01,POLSKA,1,3160,2549.821533203125
2021-04-02,POLSKA,1,3209,2879.5166015625
2021-04-03,POLSKA,1,3210,3025.2607421875
2021-04-04,POLSKA,1,3250,2888.0029296875
2021-04-05,POLSKA,1,3300,2700.312255859375
2021-04-06,POLSKA,1,3342,1954.8037109375
2021-04-07,POLSKA,1,3362,2209.86328125
2021-04-08,POLSKA,1,3382,2152.921875
2021-04-09,POLSKA,1,3378,1983.5894775390625
2021-04-10,POLSKA,1,3456,1934.0936279296875
2021-04-11,POLSKA,1,3492,1697.87451171875
2021-04-12,POLSKA,1,3513,1806.6612548828125
2021-04-13,POLSKA,1,3466,1788.0660400390625
2021-04-14,POLSKA,1,3444,1905.2432861328125
2021-04-15,POLSKA,1,3438,1679.9739990234375
2021-04-16,POLSKA,1,3372,1593.8018798828125
2021-04-17,POLSKA,1,3357,1534.326171875
2021-04-18,POLSKA,1,3346,1583.232666015625
2021-04-19,POLSKA,1,3290,1536.179443359375
2021-03-21,POMORSKIE,1,127,134.00946044921875
2021-03-22,POMORSKIE,1,129,133.1481475830078
2021-03-23,POMORSKIE,1,123,129.05734252929688
2021-03-24,POMORSKIE,1,130,134.01223754882812
2021-03-25,POMORSKIE,1,126,123.70677947998047
2021-03-26,POMORSKIE,1,139,135.07931518554688
2021-03-27,POMORSKIE,1,150,136.12452697753906
2021-03-28,POMORSKIE,1,156,131.769287109375
2021-03-29,POMORSKIE,1,161,137.0019989013672
2021-03-30,POMORSKIE,1,156,139.49176025390625
2021-03-31,POMORSKIE,1,157,129.43592834472656
2021-04-01,POMORSKIE,1,151,125.42645263671875
2021-04-02,POMORSKIE,1,152,145.20945739746094
2021-04-03,POMORSKIE,1,145,148.02285766601562
2021-04-04,POMORSKIE,1,152,141.81069946289062
2021-04-05,POMORSKIE,1,148,130.2882080078125
2021-04-06,POMORSKIE,1,143,110.03095245361328
2021-04-07,POMORSKIE,1,141,121.95501708984375
2021-04-08,POMORSKIE,1,141,116.65390014648438
2021-04-09,POMORSKIE,1,141,110.85041809082031
2021-04-10,POMORSKIE,1,141,108.11992645263672
2021-04-11,POMORSKIE,1,141,98.00916290283203
2021-04-12,POMORSKIE,1,141,103.73409271240234
2021-04-13,POMORSKIE,1,141,102.47053527832031
2021-04-14,POMORSKIE,1,141,105.72225952148438
2021-04-15,POMORSKIE,1,141,99.43217468261719
2021-04-16,POMORSKIE,1,131,93.32694244384766
2021-04-17,POMORSKIE,1,131,91.30313110351562
2021-04-18,POMORSKIE,1,133,93.75616455078125
2021-04-19,POMORSKIE,1,132,91.63445281982422
2021-03-21,WARMIŃSKO-MAZURSKIE,1,115,112.9704818725586
2021-03-22,WARMIŃSKO-MAZURSKIE,1,112,112.69688415527344
2021-03-23,WARMIŃSKO-MAZURSKIE,1,112,107.1277847290039
2021-03-24,WARMIŃSKO-MAZURSKIE,1,107,112.41553497314453
2021-03-25,WARMIŃSKO-MAZURSKIE,1,114,100.3682632446289
2021-03-26,WARMIŃSKO-MAZURSKIE,1,121,113.07121276855469
2021-03-27,WARMIŃSKO-MAZURSKIE,1,119,114.74488067626953
2021-03-28,WARMIŃSKO-MAZURSKIE,1,122,112.23604583740234
2021-03-29,WARMIŃSKO-MAZURSKIE,1,120,113.11577606201172
2021-03-30,WARMIŃSKO-MAZURSKIE,1,121,117.46098327636719
2021-03-31,WARMIŃSKO-MAZURSKIE,1,119,108.4991455078125
2021-04-01,WARMIŃSKO-MAZURSKIE,1,114,110.23932647705078
2021-04-02,WARMIŃSKO-MAZURSKIE,1,123,128.40335083007812
2021-04-03,WARMIŃSKO-MAZURSKIE,1,121,130.56170654296875
2021-04-04,WARMIŃSKO-MAZURSKIE,1,118,124.33097839355469
2021-04-05,WARMIŃSKO-MAZURSKIE,1,126,115.3229751586914
2021-04-06,WARMIŃSKO-MAZURSKIE,1,124,82.5255355834961
2021-04-07,WARMIŃSKO-MAZURSKIE,1,123,97.57301330566406
2021-04-08,WARMIŃSKO-MAZURSKIE,1,125,94.50895690917969
2021-04-09,WARMIŃSKO-MAZURSKIE,1,120,88.26720428466797
2021-04-10,WARMIŃSKO-MAZURSKIE,1,126,87.1541748046875
2021-04-11,WARMIŃSKO-MAZURSKIE,1,124,75.75131225585938
2021-04-12,WARMIŃSKO-MAZURSKIE,1,119,79.25672149658203
2021-04-13,WARMIŃSKO-MAZURSKIE,1,116,73.23326873779297
2021-04-14,WARMIŃSKO-MAZURSKIE,1,117,82.37199401855469
2021-04-15,WARMIŃSKO-MAZURSKIE,1,114,75.69193267822266
2021-04-16,WARMIŃSKO-MAZURSKIE,1,108,72.69390106201172
2021-04-17,WARMIŃSKO-MAZURSKIE,1,107,68.82347106933594
2021-04-18,WARMIŃSKO-MAZURSKIE,1,99,72.30941772460938
2021-04-19,WARMIŃSKO-MAZURSKIE,1,102,67.20408630371094
2021-03-21,WIELKOPOLSKIE,1,121,143.3261260986328
2021-03-22,WIELKOPOLSKIE,1,120,141.7360076904297
2021-03-23,WIELKOPOLSKIE,1,137,139.52015686035156
2021-03-24,WIELKOPOLSKIE,1,144,144.64450073242188
2021-03-25,WIELKOPOLSKIE,1,161,136.84950256347656
2021-03-26,WIELKOPOLSKIE,1,173,151.20777893066406
2021-03-27,WIELKOPOLSKIE,1,167,147.97772216796875
2021-03-28,WIELKOPOLSKIE,1,194,145.3373260498047
2021-03-29,WIELKOPOLSKIE,1,198,156.15127563476562
2021-03-30,WIELKOPOLSKIE,1,179,157.92579650878906
2021-03-31,WIELKOPOLSKIE,1,192,147.7401123046875
2021-04-01,WIELKOPOLSKIE,1,188,139.1014862060547
2021-04-02,WIELKOPOLSKIE,1,192,157.1015625
2021-04-03,WIELKOPOLSKIE,1,188,161.55010986328125
2021-04-04,WIELKOPOLSKIE,1,194,157.4373016357422
2021-04-05,WIELKOPOLSKIE,1,200,147.42161560058594
2021-04-06,WIELKOPOLSKIE,1,220,121.94407653808594
2021-04-07,WIELKOPOLSKIE,1,218,131.0830078125
2021-04-08,WIELKOPOLSKIE,1,220,125.741455078125
2021-04-09,WIELKOPOLSKIE,1,229,119.91255950927734
2021-04-10,WIELKOPOLSKIE,1,244,115.54822540283203
2021-04-11,WIELKOPOLSKIE,1,247,103.6512222290039
2021-04-12,WIELKOPOLSKIE,1,227,111.78887939453125
2021-04-13,WIELKOPOLSKIE,1,222,113.22676086425781
2021-04-14,WIELKOPOLSKIE,1,212,117.26363372802734
2021-04-15,WIELKOPOLSKIE,1,211,103.21234130859375
2021-04-16,WIELKOPOLSKIE,1,210,96.04586029052734
2021-04-17,WIELKOPOLSKIE,1,196,94.87464904785156
2021-04-18,WIELKOPOLSKIE,1,205,97.56639099121094
2021-04-19,WIELKOPOLSKIE,1,195,97.87619018554688
2021-03-21,ZACHODNIOPOMORSKIE,1,80,88.69244384765625
2021-03-22,ZACHODNIOPOMORSKIE,1,80,87.91696166992188
2021-03-23,ZACHODNIOPOMORSKIE,1,81,86.67192840576172
2021-03-24,ZACHODNIOPOMORSKIE,1,88,88.33993530273438
2021-03-25,ZACHODNIOPOMORSKIE,1,88,81.0411148071289
2021-03-26,ZACHODNIOPOMORSKIE,1,92,92.48787689208984
2021-03-27,ZACHODNIOPOMORSKIE,1,92,91.90280151367188
2021-03-28,ZACHODNIOPOMORSKIE,1,92,92.04708099365234
2021-03-29,ZACHODNIOPOMORSKIE,1,94,94.67777252197266
2021-03-30,ZACHODNIOPOMORSKIE,1,92,96.50592041015625
2021-03-31,ZACHODNIOPOMORSKIE,1,95,87.44493103027344
2021-04-01,ZACHODNIOPOMORSKIE,1,97,89.47108459472656
2021-04-02,ZACHODNIOPOMORSKIE,1,101,103.93540954589844
2021-04-03,ZACHODNIOPOMORSKIE,1,90,107.32096099853516
2021-04-04,ZACHODNIOPOMORSKIE,1,98,104.86444854736328
2021-04-05,ZACHODNIOPOMORSKIE,1,100,97.5775375366211
2021-04-06,ZACHODNIOPOMORSKIE,1,106,67.42256927490234
2021-04-07,ZACHODNIOPOMORSKIE,1,111,79.59048461914062
2021-04-08,ZACHODNIOPOMORSKIE,1,106,75.78605651855469
2021-04-09,ZACHODNIOPOMORSKIE,1,106,70.13401794433594
2021-04-10,ZACHODNIOPOMORSKIE,1,106,69.50884246826172
2021-04-11,ZACHODNIOPOMORSKIE,1,113,59.69913864135742
2021-04-12,ZACHODNIOPOMORSKIE,1,124,62.364261627197266
2021-04-13,ZACHODNIOPOMORSKIE,1,118,59.81706237792969
2021-04-14,ZACHODNIOPOMORSKIE,1,123,67.10662841796875
2021-04-15,ZACHODNIOPOMORSKIE,1,125,59.138248443603516
2021-04-16,ZACHODNIOPOMORSKIE,1,129,57.18623352050781
2021-04-17,ZACHODNIOPOMORSKIE,1,119,54.079795837402344
2021-04-18,ZACHODNIOPOMORSKIE,1,120,56.282379150390625
2021-04-19,ZACHODNIOPOMORSKIE,1,116,52.494422912597656
2021-03-21,ŁÓDZKIE,1,126,142.58079528808594
2021-03-22,ŁÓDZKIE,1,144,142.69520568847656
2021-03-23,ŁÓDZKIE,1,147,140.70419311523438
2021-03-24,ŁÓDZKIE,1,147,144.0446319580078
2021-03-25,ŁÓDZKIE,1,144,135.62184143066406
2021-03-26,ŁÓDZKIE,1,144,149.3861846923828
2021-03-27,ŁÓDZKIE,1,144,146.8978271484375
2021-03-28,ŁÓDZKIE,1,165,145.72413635253906
2021-03-29,ŁÓDZKIE,1,173,156.07003784179688
2021-03-30,ŁÓDZKIE,1,177,156.85528564453125
2021-03-31,ŁÓDZKIE,1,177,143.3824920654297
2021-04-01,ŁÓDZKIE,1,177,139.23728942871094
2021-04-02,ŁÓDZKIE,1,179,156.6859893798828
2021-04-03,ŁÓDZKIE,1,179,164.2559356689453
2021-04-04,ŁÓDZKIE,1,179,163.8594970703125
2021-04-05,ŁÓDZKIE,1,179,147.52703857421875
2021-04-06,ŁÓDZKIE,1,189,120.1093978881836
2021-04-07,ŁÓDZKIE,1,181,130.24073791503906
2021-04-08,ŁÓDZKIE,1,187,124.4813232421875
2021-04-09,ŁÓDZKIE,1,189,118.39574432373047
2021-04-10,ŁÓDZKIE,1,195,115.43175506591797
2021-04-11,ŁÓDZKIE,1,197,105.11282348632812
2021-04-12,ŁÓDZKIE,1,204,112.07417297363281
2021-04-13,ŁÓDZKIE,1,197,113.1360855102539
2021-04-14,ŁÓDZKIE,1,198,115.18795013427734
2021-04-15,ŁÓDZKIE,1,219,103.31034851074219
2021-04-16,ŁÓDZKIE,1,203,97.57642364501953
2021-04-17,ŁÓDZKIE,1,206,94.8341064453125
2021-04-18,ŁÓDZKIE,1,207,96.962890625
2021-04-19,ŁÓDZKIE,1,210,96.82688903808594
2021-03-21,ŚLĄSKIE,1,239,259.0304260253906
2021-03-22,ŚLĄSKIE,1,249,256.9052734375
2021-03-23,ŚLĄSKIE,1,257,251.81166076660156
2021-03-24,ŚLĄSKIE,1,266,260.59002685546875
2021-03-25,ŚLĄSKIE,1,277,243.19395446777344
2021-03-26,ŚLĄSKIE,1,279,277.311767578125
2021-03-27,ŚLĄSKIE,1,279,270.724365234375
2021-03-28,ŚLĄSKIE,1,291,271.8230895996094
2021-03-29,ŚLĄSKIE,1,310,284.1254577636719
2021-03-30,ŚLĄSKIE,1,304,290.8799133300781
2021-03-31,ŚLĄSKIE,1,365,268.870849609375
2021-04-01,ŚLĄSKIE,1,375,268.31536865234375
2021-04-02,ŚLĄSKIE,1,382,299.9951171875
2021-04-03,ŚLĄSKIE,1,385,313.1658935546875
2021-04-04,ŚLĄSKIE,1,377,297.55596923828125
2021-04-05,ŚLĄSKIE,1,392,286.09124755859375
2021-04-06,ŚLĄSKIE,1,398,204.93655395507812
2021-04-07,ŚLĄSKIE,1,411,230.16937255859375
2021-04-08,ŚLĄSKIE,1,416,225.2755889892578
2021-04-09,ŚLĄSKIE,1,406,208.82566833496094
2021-04-10,ŚLĄSKIE,1,417,200.98721313476562
2021-04-11,ŚLĄSKIE,1,440,176.30992126464844
2021-04-12,ŚLĄSKIE,1,454,190.67034912109375
2021-04-13,ŚLĄSKIE,1,467,188.45968627929688
2021-04-14,ŚLĄSKIE,1,454,199.66526794433594
2021-04-15,ŚLĄSKIE,1,465,172.8499298095703
2021-04-16,ŚLĄSKIE,1,448,164.32125854492188
2021-04-17,ŚLĄSKIE,1,447,159.06195068359375
2021-04-18,ŚLĄSKIE,1,445,162.83079528808594
2021-04-19,ŚLĄSKIE,1,430,159.17852783203125
2021-03-21,ŚWIĘTOKRZYSKIE,1,129,122.74825286865234
2021-03-22,ŚWIĘTOKRZYSKIE,1,123,117.4935531616211
2021-03-23,ŚWIĘTOKRZYSKIE,1,127,119.61195373535156
2021-03-24,ŚWIĘTOKRZYSKIE,1,127,124.59197235107422
2021-03-25,ŚWIĘTOKRZYSKIE,1,124,114.57938385009766
2021-03-26,ŚWIĘTOKRZYSKIE,1,131,127.3471908569336
2021-03-27,ŚWIĘTOKRZYSKIE,1,143,131.51602172851562
2021-03-28,ŚWIĘTOKRZYSKIE,1,146,136.57147216796875
2021-03-29,ŚWIĘTOKRZYSKIE,1,155,135.56312561035156
2021-03-30,ŚWIĘTOKRZYSKIE,1,160,143.1126708984375
2021-03-31,ŚWIĘTOKRZYSKIE,1,152,132.43238830566406
2021-04-01,ŚWIĘTOKRZYSKIE,1,160,136.94635009765625
2021-04-02,ŚWIĘTOKRZYSKIE,1,162,158.42776489257812
2021-04-03,ŚWIĘTOKRZYSKIE,1,156,159.12750244140625
2021-04-04,ŚWIĘTOKRZYSKIE,1,154,143.56651306152344
2021-04-05,ŚWIĘTOKRZYSKIE,1,157,151.9230194091797
2021-04-06,ŚWIĘTOKRZYSKIE,1,162,93.428466796875
2021-04-07,ŚWIĘTOKRZYSKIE,1,164,112.95976257324219
2021-04-08,ŚWIĘTOKRZYSKIE,1,170,109.22406768798828
2021-04-09,ŚWIĘTOKRZYSKIE,1,162,100.21942901611328
2021-04-10,ŚWIĘTOKRZYSKIE,1,159,92.76490783691406
2021-04-11,ŚWIĘTOKRZYSKIE,1,164,79.2263412475586
2021-04-12,ŚWIĘTOKRZYSKIE,1,164,85.06029510498047
2021-04-13,ŚWIĘTOKRZYSKIE,1,157,80.64181518554688
2021-04-14,ŚWIĘTOKRZYSKIE,1,155,93.92897033691406
2021-04-15,ŚWIĘTOKRZYSKIE,1,152,75.808349609375
2021-04-16,ŚWIĘTOKRZYSKIE,1,148,75.06440734863281
2021-04-17,ŚWIĘTOKRZYSKIE,1,153,70.91731262207031
2021-04-18,ŚWIĘTOKRZYSKIE,1,157,72.79487609863281
2021-04-19,ŚWIĘTOKRZYSKIE,1,158,66.83491516113281
2021-03-21,DOLNOŚLĄSKIE,3,179,173.68795776367188
2021-03-22,DOLNOŚLĄSKIE,3,176,178.1833953857422
2021-03-23,DOLNOŚLĄSKIE,3,176,180.42677307128906
2021-03-24,DOLNOŚLĄSKIE,3,195,178.4694061279297
2021-03-25,DOLNOŚLĄSKIE,3,209,193.6974639892578
2021-03-26,DOLNOŚLĄSKIE,3,206,185.64854431152344
2021-03-27,DOLNOŚLĄSKIE,3,206,195.77005004882812
2021-03-28,DOLNOŚLĄSKIE,3,231,203.44647216796875
2021-03-29,DOLNOŚLĄSKIE,3,226,195.0331268310547
2021-03-30,DOLNOŚLĄSKIE,3,239,195.72569274902344
2021-03-31,DOLNOŚLĄSKIE,3,246,207.8391571044922
2021-04-01,DOLNOŚLĄSKIE,3,233,189.11669921875
2021-04-02,DOLNOŚLĄSKIE,3,234,186.2742919921875
2021-04-03,DOLNOŚLĄSKIE,3,251,195.11834716796875
2021-04-04,DOLNOŚLĄSKIE,3,261,199.06097412109375
2021-04-05,DOLNOŚLĄSKIE,3,263,157.7362518310547
2021-04-06,DOLNOŚLĄSKIE,3,252,171.88002014160156
2021-04-07,DOLNOŚLĄSKIE,3,258,142.68853759765625
2021-04-08,DOLNOŚLĄSKIE,3,267,152.46542358398438
2021-04-09,DOLNOŚLĄSKIE,3,265,147.0232696533203
2021-04-10,DOLNOŚLĄSKIE,3,263,122.83320617675781
2021-04-11,DOLNOŚLĄSKIE,3,253,131.23582458496094
2021-04-12,DOLNOŚLĄSKIE,3,256,127.18456268310547
2021-04-13,DOLNOŚLĄSKIE,3,261,119.31713104248047
2021-04-14,DOLNOŚLĄSKIE,3,263,120.79048156738281
2021-04-15,DOLNOŚLĄSKIE,3,267,123.65576934814453
2021-04-16,DOLNOŚLĄSKIE,3,264,119.3080062866211
2021-04-17,DOLNOŚLĄSKIE,3,271,114.3515625
2021-04-18,DOLNOŚLĄSKIE,3,278,124.50907897949219
2021-04-19,DOLNOŚLĄSKIE,3,271,126.82308197021484
2021-03-21,KUJAWSKO-POMORSKIE,3,155,145.04098510742188
2021-03-22,KUJAWSKO-POMORSKIE,3,157,147.7826385498047
2021-03-23,KUJAWSKO-POMORSKIE,3,154,146.90980529785156
2021-03-24,KUJAWSKO-POMORSKIE,3,161,146.4571533203125
2021-03-25,KUJAWSKO-POMORSKIE,3,159,156.4461212158203
2021-03-26,KUJAWSKO-POMORSKIE,3,162,150.7383270263672
2021-03-27,KUJAWSKO-POMORSKIE,3,169,155.87620544433594
2021-03-28,KUJAWSKO-POMORSKIE,3,162,165.34072875976562
2021-03-29,KUJAWSKO-POMORSKIE,3,169,155.01400756835938
2021-03-30,KUJAWSKO-POMORSKIE,3,161,156.06405639648438
2021-03-31,KUJAWSKO-POMORSKIE,3,181,168.32327270507812
2021-04-01,KUJAWSKO-POMORSKIE,3,186,152.22824096679688
2021-04-02,KUJAWSKO-POMORSKIE,3,183,151.26687622070312
2021-04-03,KUJAWSKO-POMORSKIE,3,180,155.74905395507812
2021-04-04,KUJAWSKO-POMORSKIE,3,186,158.51950073242188
2021-04-05,KUJAWSKO-POMORSKIE,3,176,129.2262725830078
2021-04-06,KUJAWSKO-POMORSKIE,3,186,140.4527587890625
2021-04-07,KUJAWSKO-POMORSKIE,3,184,119.48577117919922
2021-04-08,KUJAWSKO-POMORSKIE,3,183,123.18359375
2021-04-09,KUJAWSKO-POMORSKIE,3,186,126.19580841064453
2021-04-10,KUJAWSKO-POMORSKIE,3,192,103.49215698242188
2021-04-11,KUJAWSKO-POMORSKIE,3,196,109.3832778930664
2021-04-12,KUJAWSKO-POMORSKIE,3,207,105.52084350585938
2021-04-13,KUJAWSKO-POMORSKIE,3,185,100.53721618652344
2021-04-14,KUJAWSKO-POMORSKIE,3,189,102.6422348022461
2021-04-15,KUJAWSKO-POMORSKIE,3,176,104.09579467773438
2021-04-16,KUJAWSKO-POMORSKIE,3,181,98.67294311523438
2021-04-17,KUJAWSKO-POMORSKIE,3,178,97.20368194580078
2021-04-18,KUJAWSKO-POMORSKIE,3,180,104.7279281616211
2021-04-19,KUJAWSKO-POMORSKIE,3,167,106.19280242919922
2021-03-21,LUBELSKIE,3,114,119.56212615966797
2021-03-22,LUBELSKIE,3,124,121.03064727783203
2021-03-23,LUBELSKIE,3,119,121.73223114013672
2021-03-24,LUBELSKIE,3,119,122.5134048461914
2021-03-25,LUBELSKIE,3,120,130.86825561523438
2021-03-26,LUBELSKIE,3,133,126.29624938964844
2021-03-27,LUBELSKIE,3,123,132.19174194335938
2021-03-28,LUBELSKIE,3,127,135.86810302734375
2021-03-29,LUBELSKIE,3,131,127.63988494873047
2021-03-30,LUBELSKIE,3,140,130.95706176757812
2021-03-31,LUBELSKIE,3,140,140.3229522705078
2021-04-01,LUBELSKIE,3,134,128.35025024414062
2021-04-02,LUBELSKIE,3,142,125.61945343017578
2021-04-03,LUBELSKIE,3,146,130.38014221191406
2021-04-04,LUBELSKIE,3,144,134.30404663085938
2021-04-05,LUBELSKIE,3,148,109.26502990722656
2021-04-06,LUBELSKIE,3,161,116.20711517333984
2021-04-07,LUBELSKIE,3,160,98.85834503173828
2021-04-08,LUBELSKIE,3,158,103.21525573730469
2021-04-09,LUBELSKIE,3,153,104.27106475830078
2021-04-10,LUBELSKIE,3,161,87.84244537353516
2021-04-11,LUBELSKIE,3,160,91.91995239257812
2021-04-12,LUBELSKIE,3,164,88.65575408935547
2021-04-13,LUBELSKIE,3,154,85.52425384521484
2021-04-14,LUBELSKIE,3,151,85.8024673461914
2021-04-15,LUBELSKIE,3,144,87.29474639892578
2021-04-16,LUBELSKIE,3,147,83.58077239990234
2021-04-17,LUBELSKIE,3,150,82.2964859008789
2021-04-18,LUBELSKIE,3,143,86.961669921875
2021-04-19,LUBELSKIE,3,143,88.50334167480469
2021-03-21,LUBUSKIE,3,89,77.8683090209961
2021-03-22,LUBUSKIE,3,100,79.98299407958984
2021-03-23,LUBUSKIE,3,93,84.38884735107422
2021-03-24,LUBUSKIE,3,92,83.32350158691406
2021-03-25,LUBUSKIE,3,92,89.96626281738281
2021-03-26,LUBUSKIE,3,97,86.39295196533203
2021-03-27,LUBUSKIE,3,110,93.39189910888672
2021-03-28,LUBUSKIE,3,110,93.28166961669922
2021-03-29,LUBUSKIE,3,103,90.5099868774414
2021-03-30,LUBUSKIE,3,101,91.9283218383789
2021-03-31,LUBUSKIE,3,103,99.00352478027344
2021-04-01,LUBUSKIE,3,103,89.07758331298828
2021-04-02,LUBUSKIE,3,109,88.27906799316406
2021-04-03,LUBUSKIE,3,106,93.67890167236328
2021-04-04,LUBUSKIE,3,114,97.07913970947266
2021-04-05,LUBUSKIE,3,122,75.96897888183594
2021-04-06,LUBUSKIE,3,121,83.07779693603516
2021-04-07,LUBUSKIE,3,120,66.32720184326172
2021-04-08,LUBUSKIE,3,111,71.67692565917969
2021-04-09,LUBUSKIE,3,110,68.68192291259766
2021-04-10,LUBUSKIE,3,111,57.526527404785156
2021-04-11,LUBUSKIE,3,112,62.88029479980469
2021-04-12,LUBUSKIE,3,111,59.523048400878906
2021-04-13,LUBUSKIE,3,101,56.629878997802734
2021-04-14,LUBUSKIE,3,104,56.097957611083984
2021-04-15,LUBUSKIE,3,102,57.6676025390625
2021-04-16,LUBUSKIE,3,95,55.92382049560547
2021-04-17,LUBUSKIE,3,106,54.54949951171875
2021-04-18,LUBUSKIE,3,102,57.580413818359375
2021-04-19,LUBUSKIE,3,107,58.735103607177734
2021-03-21,MAZOWIECKIE,3,380,365.5281677246094
2021-03-22,MAZOWIECKIE,3,412,380.06378173828125
2021-03-23,MAZOWIECKIE,3,431,376.67462158203125
2021-03-24,MAZOWIECKIE,3,444,376.2535400390625
2021-03-25,MAZOWIECKIE,3,477,404.3006591796875
2021-03-26,MAZOWIECKIE,3,478,392.8677978515625
2021-03-27,MAZOWIECKIE,3,496,413.40447998046875
2021-03-28,MAZOWIECKIE,3,502,423.5355529785156
2021-03-29,MAZOWIECKIE,3,529,405.78790283203125
2021-03-30,MAZOWIECKIE,3,515,408.8638916015625
2021-03-31,MAZOWIECKIE,3,506,443.1415710449219
2021-04-01,MAZOWIECKIE,3,512,391.0059509277344
2021-04-02,MAZOWIECKIE,3,514,401.3535461425781
2021-04-03,MAZOWIECKIE,3,513,422.2503662109375
2021-04-04,MAZOWIECKIE,3,513,445.79852294921875
2021-04-05,MAZOWIECKIE,3,508,325.621826171875
2021-04-06,MAZOWIECKIE,3,509,364.1871337890625
2021-04-07,MAZOWIECKIE,3,522,294.70965576171875
2021-04-08,MAZOWIECKIE,3,536,310.7429504394531
2021-04-09,MAZOWIECKIE,3,550,310.2247314453125
2021-04-10,MAZOWIECKIE,3,547,250.25025939941406
2021-04-11,MAZOWIECKIE,3,551,272.73553466796875
2021-04-12,MAZOWIECKIE,3,552,256.6714782714844
2021-04-13,MAZOWIECKIE,3,559,240.57672119140625
2021-04-14,MAZOWIECKIE,3,558,243.95098876953125
2021-04-15,MAZOWIECKIE,3,549,253.980712890625
2021-04-16,MAZOWIECKIE,3,540,235.53395080566406
2021-04-17,MAZOWIECKIE,3,536,232.63670349121094
2021-04-18,MAZOWIECKIE,3,530,255.8391571044922
2021-04-19,MAZOWIECKIE,3,526,254.70318603515625
2021-03-21,MAŁOPOLSKIE,3,246,197.2088165283203
2021-03-22,MAŁOPOLSKIE,3,250,204.1452178955078
2021-03-23,MAŁOPOLSKIE,3,255,201.92459106445312
2021-03-24,MAŁOPOLSKIE,3,267,205.03988647460938
2021-03-25,MAŁOPOLSKIE,3,280,221.81243896484375
2021-03-26,MAŁOPOLSKIE,3,294,218.70541381835938
2021-03-27,MAŁOPOLSKIE,3,306,234.2179718017578
2021-03-28,MAŁOPOLSKIE,3,317,231.79595947265625
2021-03-29,MAŁOPOLSKIE,3,327,224.4157257080078
2021-03-30,MAŁOPOLSKIE,3,349,220.12818908691406
2021-03-31,MAŁOPOLSKIE,3,340,241.9082489013672
2021-04-01,MAŁOPOLSKIE,3,357,209.6828155517578
2021-04-02,MAŁOPOLSKIE,3,361,235.31103515625
2021-04-03,MAŁOPOLSKIE,3,371,245.10879516601562
2021-04-04,MAŁOPOLSKIE,3,383,260.01141357421875
2021-04-05,MAŁOPOLSKIE,3,390,174.9799346923828
2021-04-06,MAŁOPOLSKIE,3,397,201.56961059570312
2021-04-07,MAŁOPOLSKIE,3,386,155.55816650390625
2021-04-08,MAŁOPOLSKIE,3,392,166.37600708007812
2021-04-09,MAŁOPOLSKIE,3,392,166.46437072753906
2021-04-10,MAŁOPOLSKIE,3,410,126.1183853149414
2021-04-11,MAŁOPOLSKIE,3,410,140.98451232910156
2021-04-12,MAŁOPOLSKIE,3,409,128.33531188964844
2021-04-13,MAŁOPOLSKIE,3,413,115.6424789428711
2021-04-14,MAŁOPOLSKIE,3,404,119.71163940429688
2021-04-15,MAŁOPOLSKIE,3,399,130.1735382080078
2021-04-16,MAŁOPOLSKIE,3,395,115.93470001220703
2021-04-17,MAŁOPOLSKIE,3,394,116.98564910888672
2021-04-18,MAŁOPOLSKIE,3,392,131.62765502929688
2021-04-19,MAŁOPOLSKIE,3,383,128.3839874267578
2021-03-21,OPOLSKIE,3,48,44.67296600341797
2021-03-22,OPOLSKIE,3,53,46.26121520996094
2021-03-23,OPOLSKIE,3,53,47.0136833190918
2021-03-24,OPOLSKIE,3,53,49.255897521972656
2021-03-25,OPOLSKIE,3,51,53.00614547729492
2021-03-26,OPOLSKIE,3,55,52.2333869934082
2021-03-27,OPOLSKIE,3,54,54.96125411987305
2021-03-28,OPOLSKIE,3,60,54.787376403808594
2021-03-29,OPOLSKIE,3,56,54.30363082885742
2021-03-30,OPOLSKIE,3,56,53.168270111083984
2021-03-31,OPOLSKIE,3,63,57.844398498535156
2021-04-01,OPOLSKIE,3,59,50.42707443237305
2021-04-02,OPOLSKIE,3,66,56.31976318359375
2021-04-03,OPOLSKIE,3,66,60.079551696777344
2021-04-04,OPOLSKIE,3,66,61.59504699707031
2021-04-05,OPOLSKIE,3,71,42.2304801940918
2021-04-06,OPOLSKIE,3,66,48.14335632324219
2021-04-07,OPOLSKIE,3,77,36.73481750488281
2021-04-08,OPOLSKIE,3,65,39.05992126464844
2021-04-09,OPOLSKIE,3,67,39.043148040771484
2021-04-10,OPOLSKIE,3,70,30.07815170288086
2021-04-11,OPOLSKIE,3,70,33.91226577758789
2021-04-12,OPOLSKIE,3,72,30.309478759765625
2021-04-13,OPOLSKIE,3,65,27.429819107055664
2021-04-14,OPOLSKIE,3,70,27.782577514648438
2021-04-15,OPOLSKIE,3,73,30.70758628845215
2021-04-16,OPOLSKIE,3,72,28.27910041809082
2021-04-17,OPOLSKIE,3,67,27.90426254272461
2021-04-18,OPOLSKIE,3,64,31.377803802490234
2021-04-19,OPOLSKIE,3,64,29.86458969116211
2021-03-21,PODKARPACKIE,3,193,178.58261108398438
2021-03-22,PODKARPACKIE,3,202,182.57749938964844
2021-03-23,PODKARPACKIE,3,198,182.7511444091797
2021-03-24,PODKARPACKIE,3,211,184.18699645996094
2021-03-25,PODKARPACKIE,3,224,196.2062530517578
2021-03-26,PODKARPACKIE,3,215,191.462158203125
2021-03-27,PODKARPACKIE,3,229,198.76625061035156
2021-03-28,PODKARPACKIE,3,223,203.87159729003906
2021-03-29,PODKARPACKIE,3,204,197.03016662597656
2021-03-30,PODKARPACKIE,3,225,198.53286743164062
2021-03-31,PODKARPACKIE,3,217,211.38121032714844
2021-04-01,PODKARPACKIE,3,225,190.70443725585938
2021-04-02,PODKARPACKIE,3,223,190.62615966796875
2021-04-03,PODKARPACKIE,3,225,199.03643798828125
2021-04-04,PODKARPACKIE,3,225,208.9933624267578
2021-04-05,PODKARPACKIE,3,229,160.90354919433594
2021-04-06,PODKARPACKIE,3,221,173.82154846191406
2021-04-07,PODKARPACKIE,3,222,143.83128356933594
2021-04-08,PODKARPACKIE,3,223,151.1266632080078
2021-04-09,PODKARPACKIE,3,221,151.20091247558594
2021-04-10,PODKARPACKIE,3,233,125.989501953125
2021-04-11,PODKARPACKIE,3,231,134.73861694335938
2021-04-12,PODKARPACKIE,3,227,127.16291809082031
2021-04-13,PODKARPACKIE,3,233,120.8760986328125
2021-04-14,PODKARPACKIE,3,226,121.9690933227539
2021-04-15,PODKARPACKIE,3,224,125.2760238647461
2021-04-16,PODKARPACKIE,3,230,117.97869110107422
2021-04-17,PODKARPACKIE,3,218,117.79906463623047
2021-04-18,PODKARPACKIE,3,215,126.14386749267578
2021-04-19,PODKARPACKIE,3,208,126.106201171875
2021-03-21,PODLASKIE,3,79,82.08363342285156
2021-03-22,PODLASKIE,3,81,82.75716400146484
2021-03-23,PODLASKIE,3,79,83.20191192626953
2021-03-24,PODLASKIE,3,83,82.98556518554688
2021-03-25,PODLASKIE,3,84,88.6594467163086
2021-03-26,PODLASKIE,3,91,85.73524475097656
2021-03-27,PODLASKIE,3,90,89.00080108642578
2021-03-28,PODLASKIE,3,87,92.63652038574219
2021-03-29,PODLASKIE,3,89,87.01319122314453
2021-03-30,PODLASKIE,3,88,88.45866394042969
2021-03-31,PODLASKIE,3,89,96.03823852539062
2021-04-01,PODLASKIE,3,89,86.83663177490234
2021-04-02,PODLASKIE,3,86,86.0140151977539
2021-04-03,PODLASKIE,3,88,87.52362823486328
2021-04-04,PODLASKIE,3,86,91.19168853759766
2021-04-05,PODLASKIE,3,91,74.79256439208984
2021-04-06,PODLASKIE,3,87,80.22725677490234
2021-04-07,PODLASKIE,3,84,68.08792877197266
2021-04-08,PODLASKIE,3,82,70.2020263671875
2021-04-09,PODLASKIE,3,81,72.18042755126953
2021-04-10,PODLASKIE,3,81,60.320152282714844
2021-04-11,PODLASKIE,3,83,63.73612594604492
2021-04-12,PODLASKIE,3,82,60.73928451538086
2021-04-13,PODLASKIE,3,77,58.455692291259766
2021-04-14,PODLASKIE,3,79,59.35070037841797
2021-04-15,PODLASKIE,3,77,60.12073516845703
2021-04-16,PODLASKIE,3,71,57.188880920410156
2021-04-17,PODLASKIE,3,78,57.305389404296875
2021-04-18,PODLASKIE,3,76,60.19047927856445
2021-04-19,PODLASKIE,3,78,61.0814323425293
2021-03-21,POLSKA,3,2420,2314.0810546875
2021-03-22,POLSKA,3,2512,2387.905029296875
2021-03-23,POLSKA,3,2542,2391.023193359375
2021-03-24,POLSKA,3,2634,2387.39697265625
2021-03-25,POLSKA,3,2730,2571.9599609375
2021-03-26,POLSKA,3,2810,2480.02001953125
2021-03-27,POLSKA,3,2877,2617.4404296875
2021-03-28,POLSKA,3,2985,2685.96533203125
2021-03-29,POLSKA,3,3045,2570.76123046875
2021-03-30,POLSKA,3,3063,2585.912841796875
2021-03-31,POLSKA,3,3142,2790.329345703125
2021-04-01,POLSKA,3,3160,2481.679443359375
2021-04-02,POLSKA,3,3209,2507.43359375
2021-04-03,POLSKA,3,3210,2630.67431640625
2021-04-04,POLSKA,3,3250,2754.565185546875
2021-04-05,POLSKA,3,3300,2071.38232421875
2021-04-06,POLSKA,3,3342,2281.953369140625
2021-04-07,POLSKA,3,3362,1869.9879150390625
2021-04-08,POLSKA,3,3382,1974.899169921875
2021-04-09,POLSKA,3,3378,1957.7880859375
2021-04-10,POLSKA,3,3456,1611.410400390625
2021-04-11,POLSKA,3,3492,1733.84130859375
2021-04-12,POLSKA,3,3513,1643.1759033203125
2021-04-13,POLSKA,3,3466,1557.197509765625
2021-04-14,POLSKA,3,3444,1572.166748046875
2021-04-15,POLSKA,3,3438,1618.03271484375
2021-04-16,POLSKA,3,3372,1532.1497802734375
2021-04-17,POLSKA,3,3357,1498.5157470703125
2021-04-18,POLSKA,3,3346,1623.2125244140625
2021-04-19,POLSKA,3,3290,1636.5396728515625
2021-03-21,POMORSKIE,3,127,125.4789810180664
2021-03-22,POMORSKIE,3,129,125.28179168701172
2021-03-23,POMORSKIE,3,123,126.40232849121094
2021-03-24,POMORSKIE,3,130,127.17708587646484
2021-03-25,POMORSKIE,3,126,135.74388122558594
2021-03-26,POMORSKIE,3,139,131.53236389160156
2021-03-27,POMORSKIE,3,150,135.24520874023438
2021-03-28,POMORSKIE,3,156,140.16281127929688
2021-03-29,POMORSKIE,3,161,129.9825439453125
2021-03-30,POMORSKIE,3,156,135.13674926757812
2021-03-31,POMORSKIE,3,157,140.83145141601562
2021-04-01,POMORSKIE,3,151,132.1815643310547
2021-04-02,POMORSKIE,3,152,126.4018783569336
2021-04-03,POMORSKIE,3,145,127.76487731933594
2021-04-04,POMORSKIE,3,152,128.21429443359375
2021-04-05,POMORSKIE,3,148,115.49678802490234
2021-04-06,POMORSKIE,3,143,120.48660278320312
2021-04-07,POMORSKIE,3,141,106.55987548828125
2021-04-08,POMORSKIE,3,141,110.53858184814453
2021-04-09,POMORSKIE,3,141,110.63938903808594
2021-04-10,POMORSKIE,3,141,96.21891784667969
2021-04-11,POMORSKIE,3,141,99.48101806640625
2021-04-12,POMORSKIE,3,141,97.65213012695312
2021-04-13,POMORSKIE,3,141,95.70912170410156
2021-04-14,POMORSKIE,3,141,95.16974639892578
2021-04-15,POMORSKIE,3,141,94.4138412475586
2021-04-16,POMORSKIE,3,131,92.77625274658203
2021-04-17,POMORSKIE,3,131,90.99024200439453
2021-04-18,POMORSKIE,3,133,94.87102508544922
2021-04-19,POMORSKIE,3,132,97.65176391601562
2021-03-21,WARMIŃSKO-MAZURSKIE,3,115,107.39027404785156
2021-03-22,WARMIŃSKO-MAZURSKIE,3,112,109.6487808227539
2021-03-23,WARMIŃSKO-MAZURSKIE,3,112,104.47855377197266
2021-03-24,WARMIŃSKO-MAZURSKIE,3,107,105.2623519897461
2021-03-25,WARMIŃSKO-MAZURSKIE,3,114,111.86549377441406
2021-03-26,WARMIŃSKO-MAZURSKIE,3,121,109.23290252685547
2021-03-27,WARMIŃSKO-MAZURSKIE,3,119,111.10763549804688
2021-03-28,WARMIŃSKO-MAZURSKIE,3,122,117.98419189453125
2021-03-29,WARMIŃSKO-MAZURSKIE,3,120,109.65765380859375
2021-03-30,WARMIŃSKO-MAZURSKIE,3,121,109.39234161376953
2021-03-31,WARMIŃSKO-MAZURSKIE,3,119,121.06898498535156
2021-04-01,WARMIŃSKO-MAZURSKIE,3,114,106.4493637084961
2021-04-02,WARMIŃSKO-MAZURSKIE,3,123,110.76095581054688
2021-04-03,WARMIŃSKO-MAZURSKIE,3,121,112.06819152832031
2021-04-04,WARMIŃSKO-MAZURSKIE,3,118,117.8584976196289
2021-04-05,WARMIŃSKO-MAZURSKIE,3,126,90.2345199584961
2021-04-06,WARMIŃSKO-MAZURSKIE,3,124,99.66251373291016
2021-04-07,WARMIŃSKO-MAZURSKIE,3,123,84.20604705810547
2021-04-08,WARMIŃSKO-MAZURSKIE,3,125,85.87541961669922
2021-04-09,WARMIŃSKO-MAZURSKIE,3,120,91.3425521850586
2021-04-10,WARMIŃSKO-MAZURSKIE,3,126,71.45048522949219
2021-04-11,WARMIŃSKO-MAZURSKIE,3,124,76.62680053710938
2021-04-12,WARMIŃSKO-MAZURSKIE,3,119,73.01228332519531
2021-04-13,WARMIŃSKO-MAZURSKIE,3,116,67.99369049072266
2021-04-14,WARMIŃSKO-MAZURSKIE,3,117,71.77617645263672
2021-04-15,WARMIŃSKO-MAZURSKIE,3,114,73.28592681884766
2021-04-16,WARMIŃSKO-MAZURSKIE,3,108,66.58983612060547
2021-04-17,WARMIŃSKO-MAZURSKIE,3,107,67.70325469970703
2021-04-18,WARMIŃSKO-MAZURSKIE,3,99,74.22270202636719
2021-04-19,WARMIŃSKO-MAZURSKIE,3,102,73.92933654785156
2021-03-21,WIELKOPOLSKIE,3,121,129.13182067871094
2021-03-22,WIELKOPOLSKIE,3,120,131.9208526611328
2021-03-23,WIELKOPOLSKIE,3,137,137.96337890625
2021-03-24,WIELKOPOLSKIE,3,144,135.72317504882812
2021-03-25,WIELKOPOLSKIE,3,161,146.98764038085938
2021-03-26,WIELKOPOLSKIE,3,173,139.37640380859375
2021-03-27,WIELKOPOLSKIE,3,167,148.43536376953125
2021-03-28,WIELKOPOLSKIE,3,194,152.72515869140625
2021-03-29,WIELKOPOLSKIE,3,198,145.0902862548828
2021-03-30,WIELKOPOLSKIE,3,179,150.84625244140625
2021-03-31,WIELKOPOLSKIE,3,192,155.84071350097656
2021-04-01,WIELKOPOLSKIE,3,188,147.87738037109375
2021-04-02,WIELKOPOLSKIE,3,192,138.44717407226562
2021-04-03,WIELKOPOLSKIE,3,188,146.95802307128906
2021-04-04,WIELKOPOLSKIE,3,194,142.58181762695312
2021-04-05,WIELKOPOLSKIE,3,200,123.74419403076172
2021-04-06,WIELKOPOLSKIE,3,220,133.43931579589844
2021-04-07,WIELKOPOLSKIE,3,218,112.4507827758789
2021-04-08,WIELKOPOLSKIE,3,220,119.61930847167969
2021-04-09,WIELKOPOLSKIE,3,229,113.98804473876953
2021-04-10,WIELKOPOLSKIE,3,244,99.67300415039062
2021-04-11,WIELKOPOLSKIE,3,247,104.6679458618164
2021-04-12,WIELKOPOLSKIE,3,227,102.76248931884766
2021-04-13,WIELKOPOLSKIE,3,222,99.41502380371094
2021-04-14,WIELKOPOLSKIE,3,212,97.67434692382812
2021-04-15,WIELKOPOLSKIE,3,211,98.6043930053711
2021-04-16,WIELKOPOLSKIE,3,210,98.44025421142578
2021-04-17,WIELKOPOLSKIE,3,196,92.6569595336914
2021-04-18,WIELKOPOLSKIE,3,205,99.02507781982422
2021-04-19,WIELKOPOLSKIE,3,195,101.99496459960938
2021-03-21,ZACHODNIOPOMORSKIE,3,80,82.89822387695312
2021-03-22,ZACHODNIOPOMORSKIE,3,80,85.58263397216797
2021-03-23,ZACHODNIOPOMORSKIE,3,81,82.27559661865234
2021-03-24,ZACHODNIOPOMORSKIE,3,88,84.38427734375
2021-03-25,ZACHODNIOPOMORSKIE,3,88,90.5978775024414
2021-03-26,ZACHODNIOPOMORSKIE,3,92,87.15518188476562
2021-03-27,ZACHODNIOPOMORSKIE,3,92,90.7406997680664
2021-03-28,ZACHODNIOPOMORSKIE,3,92,94.33775329589844
2021-03-29,ZACHODNIOPOMORSKIE,3,94,89.03378295898438
2021-03-30,ZACHODNIOPOMORSKIE,3,92,89.2415542602539
2021-03-31,ZACHODNIOPOMORSKIE,3,95,100.02848815917969
2021-04-01,ZACHODNIOPOMORSKIE,3,97,85.30985260009766
2021-04-02,ZACHODNIOPOMORSKIE,3,101,92.16529083251953
2021-04-03,ZACHODNIOPOMORSKIE,3,90,93.53113555908203
2021-04-04,ZACHODNIOPOMORSKIE,3,98,99.87007904052734
2021-04-05,ZACHODNIOPOMORSKIE,3,100,72.94012451171875
2021-04-06,ZACHODNIOPOMORSKIE,3,106,81.76008605957031
2021-04-07,ZACHODNIOPOMORSKIE,3,111,67.26155853271484
2021-04-08,ZACHODNIOPOMORSKIE,3,106,69.12210845947266
2021-04-09,ZACHODNIOPOMORSKIE,3,106,72.40776824951172
2021-04-10,ZACHODNIOPOMORSKIE,3,106,56.186744689941406
2021-04-11,ZACHODNIOPOMORSKIE,3,113,62.03007125854492
2021-04-12,ZACHODNIOPOMORSKIE,3,124,57.28656005859375
2021-04-13,ZACHODNIOPOMORSKIE,3,118,53.15229415893555
2021-04-14,ZACHODNIOPOMORSKIE,3,123,55.038387298583984
2021-04-15,ZACHODNIOPOMORSKIE,3,125,57.72822189331055
2021-04-16,ZACHODNIOPOMORSKIE,3,129,51.85465621948242
2021-04-17,ZACHODNIOPOMORSKIE,3,119,53.329315185546875
2021-04-18,ZACHODNIOPOMORSKIE,3,120,58.1307258605957
2021-04-19,ZACHODNIOPOMORSKIE,3,116,57.67708969116211
2021-03-21,ŁÓDZKIE,3,126,129.94456481933594
2021-03-22,ŁÓDZKIE,3,144,132.68836975097656
2021-03-23,ŁÓDZKIE,3,147,138.9351348876953
2021-03-24,ŁÓDZKIE,3,147,137.9889678955078
2021-03-25,ŁÓDZKIE,3,144,146.6242218017578
2021-03-26,ŁÓDZKIE,3,144,141.29385375976562
2021-03-27,ŁÓDZKIE,3,144,149.6523895263672
2021-03-28,ŁÓDZKIE,3,165,152.55511474609375
2021-03-29,ŁÓDZKIE,3,173,146.92857360839844
2021-03-30,ŁÓDZKIE,3,177,151.49478149414062
2021-03-31,ŁÓDZKIE,3,177,156.5023193359375
2021-04-01,ŁÓDZKIE,3,177,149.1638946533203
2021-04-02,ŁÓDZKIE,3,179,141.41238403320312
2021-04-03,ŁÓDZKIE,3,179,150.35443115234375
2021-04-04,ŁÓDZKIE,3,179,147.5120849609375
2021-04-05,ŁÓDZKIE,3,179,126.27251434326172
2021-04-06,ŁÓDZKIE,3,189,133.7481231689453
2021-04-07,ŁÓDZKIE,3,181,111.73465728759766
2021-04-08,ŁÓDZKIE,3,187,120.24060821533203
2021-04-09,ŁÓDZKIE,3,189,115.77863311767578
2021-04-10,ŁÓDZKIE,3,195,100.03593444824219
2021-04-11,ŁÓDZKIE,3,197,104.93927764892578
2021-04-12,ŁÓDZKIE,3,204,103.33338928222656
2021-04-13,ŁÓDZKIE,3,197,99.9768295288086
2021-04-14,ŁÓDZKIE,3,198,98.09424591064453
2021-04-15,ŁÓDZKIE,3,219,99.38436126708984
2021-04-16,ŁÓDZKIE,3,203,97.89450073242188
2021-04-17,ŁÓDZKIE,3,206,93.2486343383789
2021-04-18,ŁÓDZKIE,3,207,99.8167495727539
2021-04-19,ŁÓDZKIE,3,210,101.779296875
2021-03-21,ŚLĄSKIE,3,239,234.82144165039062
2021-03-22,ŚLĄSKIE,3,249,243.6051025390625
2021-03-23,ŚLĄSKIE,3,257,245.29469299316406
2021-03-24,ŚLĄSKIE,3,266,243.7639617919922
2021-03-25,ŚLĄSKIE,3,277,264.0769958496094
2021-03-26,ŚLĄSKIE,3,279,254.49383544921875
2021-03-27,ŚLĄSKIE,3,279,270.70440673828125
2021-03-28,ŚLĄSKIE,3,291,276.5418395996094
2021-03-29,ŚLĄSKIE,3,310,265.88946533203125
2021-03-30,ŚLĄSKIE,3,304,268.5827941894531
2021-03-31,ŚLĄSKIE,3,365,287.0641174316406
2021-04-01,ŚLĄSKIE,3,375,257.99432373046875
2021-04-02,ŚLĄSKIE,3,382,258.5971984863281
2021-04-03,ŚLĄSKIE,3,385,275.12872314453125
2021-04-04,ŚLĄSKIE,3,377,284.731689453125
2021-04-05,ŚLĄSKIE,3,392,213.43605041503906
2021-04-06,ŚLĄSKIE,3,398,236.8420867919922
2021-04-07,ŚLĄSKIE,3,411,192.9658203125
2021-04-08,ŚLĄSKIE,3,416,206.14903259277344
2021-04-09,ŚLĄSKIE,3,406,199.51641845703125
2021-04-10,ŚLĄSKIE,3,417,164.39352416992188
2021-04-11,ŚLĄSKIE,3,440,178.02735900878906
2021-04-12,ŚLĄSKIE,3,454,170.11753845214844
2021-04-13,ŚLĄSKIE,3,467,159.17271423339844
2021-04-14,ŚLĄSKIE,3,454,159.79673767089844
2021-04-15,ŚLĄSKIE,3,465,166.43582153320312
2021-04-16,ŚLĄSKIE,3,448,157.6419219970703
2021-04-17,ŚLĄSKIE,3,447,152.1442413330078
2021-04-18,ŚLĄSKIE,3,445,167.16586303710938
2021-04-19,ŚLĄSKIE,3,430,167.97525024414062
2021-03-21,ŚWIĘTOKRZYSKIE,3,129,111.00066375732422
2021-03-22,ŚWIĘTOKRZYSKIE,3,123,116.50511169433594
2021-03-23,ŚWIĘTOKRZYSKIE,3,127,114.49232482910156
2021-03-24,ŚWIĘTOKRZYSKIE,3,127,116.1447525024414
2021-03-25,ŚWIĘTOKRZYSKIE,3,124,126.52777099609375
2021-03-26,ŚWIĘTOKRZYSKIE,3,131,123.57693481445312
2021-03-27,ŚWIĘTOKRZYSKIE,3,143,133.8577423095703
2021-03-28,ŚWIĘTOKRZYSKIE,3,146,132.63816833496094
2021-03-29,ŚWIĘTOKRZYSKIE,3,155,128.1324005126953
2021-03-30,ŚWIĘTOKRZYSKIE,3,160,125.60264587402344
2021-03-31,ŚWIĘTOKRZYSKIE,3,152,139.87930297851562
2021-04-01,ŚWIĘTOKRZYSKIE,3,160,120.38309478759766
2021-04-02,ŚWIĘTOKRZYSKIE,3,162,137.46531677246094
2021-04-03,ŚWIĘTOKRZYSKIE,3,156,143.9684600830078
2021-04-04,ŚWIĘTOKRZYSKIE,3,154,151.77256774902344
2021-04-05,ŚWIĘTOKRZYSKIE,3,157,100.3575668334961
2021-04-06,ŚWIĘTOKRZYSKIE,3,162,116.47322845458984
2021-04-07,ŚWIĘTOKRZYSKIE,3,164,89.3761215209961
2021-04-08,ŚWIĘTOKRZYSKIE,3,170,95.25021362304688
2021-04-09,ŚWIĘTOKRZYSKIE,3,162,95.3799819946289
2021-04-10,ŚWIĘTOKRZYSKIE,3,159,72.10481262207031
2021-04-11,ŚWIĘTOKRZYSKIE,3,164,81.65350341796875
2021-04-12,ŚWIĘTOKRZYSKIE,3,164,73.0035400390625
2021-04-13,ŚWIĘTOKRZYSKIE,3,157,66.1402587890625
2021-04-14,ŚWIĘTOKRZYSKIE,3,155,67.5116195678711
2021-04-15,ŚWIĘTOKRZYSKIE,3,152,74.83927917480469
2021-04-16,ŚWIĘTOKRZYSKIE,3,148,66.03738403320312
2021-04-17,ŚWIĘTOKRZYSKIE,3,153,67.16999053955078
2021-04-18,ŚWIĘTOKRZYSKIE,3,157,74.79644012451172
2021-04-19,ŚWIĘTOKRZYSKIE,3,158,73.22772979736328
2021-03-21,DOLNOŚLĄSKIE,7,179,170.28146362304688
2021-03-22,DOLNOŚLĄSKIE,7,176,171.02737426757812
2021-03-23,DOLNOŚLĄSKIE,7,176,180.18028259277344
2021-03-24,DOLNOŚLĄSKIE,7,195,179.97610473632812
2021-03-25,DOLNOŚLĄSKIE,7,209,180.3317108154297
2021-03-26,DOLNOŚLĄSKIE,7,206,183.99322509765625
2021-03-27,DOLNOŚLĄSKIE,7,206,187.9561767578125
2021-03-28,DOLNOŚLĄSKIE,7,231,189.4277801513672
2021-03-29,DOLNOŚLĄSKIE,7,226,194.3887481689453
2021-03-30,DOLNOŚLĄSKIE,7,239,198.0648193359375
2021-03-31,DOLNOŚLĄSKIE,7,246,184.37973022460938
2021-04-01,DOLNOŚLĄSKIE,7,233,171.86988830566406
2021-04-02,DOLNOŚLĄSKIE,7,234,187.17034912109375
2021-04-03,DOLNOŚLĄSKIE,7,251,171.73348999023438
2021-04-04,DOLNOŚLĄSKIE,7,261,169.49996948242188
2021-04-05,DOLNOŚLĄSKIE,7,263,146.4459228515625
2021-04-06,DOLNOŚLĄSKIE,7,252,146.1646728515625
2021-04-07,DOLNOŚLĄSKIE,7,258,147.0867919921875
2021-04-08,DOLNOŚLĄSKIE,7,267,134.13026428222656
2021-04-09,DOLNOŚLĄSKIE,7,265,130.2994384765625
2021-04-10,DOLNOŚLĄSKIE,7,263,110.80652618408203
2021-04-11,DOLNOŚLĄSKIE,7,253,117.37763977050781
2021-04-12,DOLNOŚLĄSKIE,7,256,120.04230499267578
2021-04-13,DOLNOŚLĄSKIE,7,261,117.57849884033203
2021-04-14,DOLNOŚLĄSKIE,7,263,108.67928314208984
2021-04-15,DOLNOŚLĄSKIE,7,267,104.50676727294922
2021-04-16,DOLNOŚLĄSKIE,7,264,119.32461547851562
2021-04-17,DOLNOŚLĄSKIE,7,271,105.39834594726562
2021-04-18,DOLNOŚLĄSKIE,7,278,101.40841674804688
2021-04-19,DOLNOŚLĄSKIE,7,271,117.9354019165039
2021-03-21,KUJAWSKO-POMORSKIE,7,155,146.96388244628906
2021-03-22,KUJAWSKO-POMORSKIE,7,157,146.1981658935547
2021-03-23,KUJAWSKO-POMORSKIE,7,154,153.67543029785156
2021-03-24,KUJAWSKO-POMORSKIE,7,161,152.16529846191406
2021-03-25,KUJAWSKO-POMORSKIE,7,159,149.2252655029297
2021-03-26,KUJAWSKO-POMORSKIE,7,162,156.5264892578125
2021-03-27,KUJAWSKO-POMORSKIE,7,169,156.06195068359375
2021-03-28,KUJAWSKO-POMORSKIE,7,162,160.178466796875
2021-03-29,KUJAWSKO-POMORSKIE,7,169,164.66839599609375
2021-03-30,KUJAWSKO-POMORSKIE,7,161,165.48294067382812
2021-03-31,KUJAWSKO-POMORSKIE,7,181,155.18844604492188
2021-04-01,KUJAWSKO-POMORSKIE,7,186,141.2579345703125
2021-04-02,KUJAWSKO-POMORSKIE,7,183,155.20867919921875
2021-04-03,KUJAWSKO-POMORSKIE,7,180,144.02528381347656
2021-04-04,KUJAWSKO-POMORSKIE,7,186,141.04110717773438
2021-04-05,KUJAWSKO-POMORSKIE,7,176,125.20085144042969
2021-04-06,KUJAWSKO-POMORSKIE,7,186,122.58246612548828
2021-04-07,KUJAWSKO-POMORSKIE,7,184,125.21297454833984
2021-04-08,KUJAWSKO-POMORSKIE,7,183,113.71678161621094
2021-04-09,KUJAWSKO-POMORSKIE,7,186,111.7676010131836
2021-04-10,KUJAWSKO-POMORSKIE,7,192,96.00582885742188
2021-04-11,KUJAWSKO-POMORSKIE,7,196,102.66504669189453
2021-04-12,KUJAWSKO-POMORSKIE,7,207,104.28097534179688
2021-04-13,KUJAWSKO-POMORSKIE,7,185,103.21661376953125
2021-04-14,KUJAWSKO-POMORSKIE,7,189,95.94831085205078
2021-04-15,KUJAWSKO-POMORSKIE,7,176,89.15143585205078
2021-04-16,KUJAWSKO-POMORSKIE,7,181,103.8314437866211
2021-04-17,KUJAWSKO-POMORSKIE,7,178,92.72323608398438
2021-04-18,KUJAWSKO-POMORSKIE,7,180,88.25019073486328
2021-04-19,KUJAWSKO-POMORSKIE,7,167,101.20388793945312
2021-03-21,LUBELSKIE,7,114,116.86222839355469
2021-03-22,LUBELSKIE,7,124,116.9057846069336
2021-03-23,LUBELSKIE,7,119,123.1826171875
2021-03-24,LUBELSKIE,7,119,122.27499389648438
2021-03-25,LUBELSKIE,7,120,118.73506164550781
2021-03-26,LUBELSKIE,7,133,125.601806640625
2021-03-27,LUBELSKIE,7,123,126.71414184570312
2021-03-28,LUBELSKIE,7,127,131.1259307861328
2021-03-29,LUBELSKIE,7,131,134.40444946289062
2021-03-30,LUBELSKIE,7,140,134.81982421875
2021-03-31,LUBELSKIE,7,140,125.83786010742188
2021-04-01,LUBELSKIE,7,134,114.18492889404297
2021-04-02,LUBELSKIE,7,142,124.47736358642578
2021-04-03,LUBELSKIE,7,146,117.47046661376953
2021-04-04,LUBELSKIE,7,144,114.92969512939453
2021-04-05,LUBELSKIE,7,148,101.88802337646484
2021-04-06,LUBELSKIE,7,161,100.64759063720703
2021-04-07,LUBELSKIE,7,160,102.86002349853516
2021-04-08,LUBELSKIE,7,158,93.16012573242188
2021-04-09,LUBELSKIE,7,153,91.54757690429688
2021-04-10,LUBELSKIE,7,161,79.69218444824219
2021-04-11,LUBELSKIE,7,160,84.87555694580078
2021-04-12,LUBELSKIE,7,164,86.70570373535156
2021-04-13,LUBELSKIE,7,154,85.16187286376953
2021-04-14,LUBELSKIE,7,151,79.87348937988281
2021-04-15,LUBELSKIE,7,144,75.33499908447266
2021-04-16,LUBELSKIE,7,147,85.30056762695312
2021-04-17,LUBELSKIE,7,150,77.27679443359375
2021-04-18,LUBELSKIE,7,143,73.93111419677734
2021-04-19,LUBELSKIE,7,143,83.45950317382812
2021-03-21,LUBUSKIE,7,89,73.26866149902344
2021-03-22,LUBUSKIE,7,100,75.37255859375
2021-03-23,LUBUSKIE,7,93,79.26288604736328
2021-03-24,LUBUSKIE,7,92,79.57740783691406
2021-03-25,LUBUSKIE,7,92,79.44258880615234
2021-03-26,LUBUSKIE,7,97,82.24513244628906
2021-03-27,LUBUSKIE,7,110,84.66681671142578
2021-03-28,LUBUSKIE,7,110,87.35456085205078
2021-03-29,LUBUSKIE,7,103,88.7169189453125
2021-03-30,LUBUSKIE,7,101,90.9275894165039
2021-03-31,LUBUSKIE,7,103,83.67514038085938
2021-04-01,LUBUSKIE,7,103,77.5719985961914
2021-04-02,LUBUSKIE,7,109,85.07296752929688
2021-04-03,LUBUSKIE,7,106,79.08479309082031
2021-04-04,LUBUSKIE,7,114,78.08721923828125
2021-04-05,LUBUSKIE,7,122,66.48860168457031
2021-04-06,LUBUSKIE,7,121,67.25838470458984
2021-04-07,LUBUSKIE,7,120,67.97835540771484
2021-04-08,LUBUSKIE,7,111,61.20359420776367
2021-04-09,LUBUSKIE,7,110,60.533775329589844
2021-04-10,LUBUSKIE,7,111,50.712745666503906
2021-04-11,LUBUSKIE,7,112,54.80158615112305
2021-04-12,LUBUSKIE,7,111,55.69109344482422
2021-04-13,LUBUSKIE,7,101,53.953590393066406
2021-04-14,LUBUSKIE,7,104,49.90834426879883
2021-04-15,LUBUSKIE,7,102,48.84791946411133
2021-04-16,LUBUSKIE,7,95,54.739280700683594
2021-04-17,LUBUSKIE,7,106,48.991268157958984
2021-04-18,LUBUSKIE,7,102,47.00974655151367
2021-04-19,LUBUSKIE,7,107,53.89138412475586
2021-03-21,MAZOWIECKIE,7,380,357.8003845214844
2021-03-22,MAZOWIECKIE,7,412,358.3323059082031
2021-03-23,MAZOWIECKIE,7,431,378.90106201171875
2021-03-24,MAZOWIECKIE,7,444,377.9075622558594
2021-03-25,MAZOWIECKIE,7,477,372.16253662109375
2021-03-26,MAZOWIECKIE,7,478,385.5728454589844
2021-03-27,MAZOWIECKIE,7,496,387.3765563964844
2021-03-28,MAZOWIECKIE,7,502,404.8059997558594
2021-03-29,MAZOWIECKIE,7,529,406.02301025390625
2021-03-30,MAZOWIECKIE,7,515,410.00628662109375
2021-03-31,MAZOWIECKIE,7,506,387.20953369140625
2021-04-01,MAZOWIECKIE,7,512,349.06884765625
2021-04-02,MAZOWIECKIE,7,514,399.9150085449219
2021-04-03,MAZOWIECKIE,7,513,354.2860107421875
2021-04-04,MAZOWIECKIE,7,513,346.36627197265625
2021-04-05,MAZOWIECKIE,7,508,301.1191101074219
2021-04-06,MAZOWIECKIE,7,509,297.71209716796875
2021-04-07,MAZOWIECKIE,7,522,303.78094482421875
2021-04-08,MAZOWIECKIE,7,536,270.8143310546875
2021-04-09,MAZOWIECKIE,7,550,268.98138427734375
2021-04-10,MAZOWIECKIE,7,547,225.45611572265625
2021-04-11,MAZOWIECKIE,7,551,244.88771057128906
2021-04-12,MAZOWIECKIE,7,552,246.53744506835938
2021-04-13,MAZOWIECKIE,7,559,240.3290252685547
2021-04-14,MAZOWIECKIE,7,558,222.91204833984375
2021-04-15,MAZOWIECKIE,7,549,209.37257385253906
2021-04-16,MAZOWIECKIE,7,540,245.92019653320312
2021-04-17,MAZOWIECKIE,7,536,217.41336059570312
2021-04-18,MAZOWIECKIE,7,530,204.97593688964844
2021-04-19,MAZOWIECKIE,7,526,237.6895751953125
2021-03-21,MAŁOPOLSKIE,7,246,188.54776000976562
2021-03-22,MAŁOPOLSKIE,7,250,187.16458129882812
2021-03-23,MAŁOPOLSKIE,7,255,198.0300750732422
2021-03-24,MAŁOPOLSKIE,7,267,197.99783325195312
2021-03-25,MAŁOPOLSKIE,7,280,197.86700439453125
2021-03-26,MAŁOPOLSKIE,7,294,201.93106079101562
2021-03-27,MAŁOPOLSKIE,7,306,208.21102905273438
2021-03-28,MAŁOPOLSKIE,7,317,215.40956115722656
2021-03-29,MAŁOPOLSKIE,7,327,215.06834411621094
2021-03-30,MAŁOPOLSKIE,7,349,217.31060791015625
2021-03-31,MAŁOPOLSKIE,7,340,214.236083984375
2021-04-01,MAŁOPOLSKIE,7,357,188.9989776611328
2021-04-02,MAŁOPOLSKIE,7,361,230.24717712402344
2021-04-03,MAŁOPOLSKIE,7,371,186.595458984375
2021-04-04,MAŁOPOLSKIE,7,383,183.83677673339844
2021-04-05,MAŁOPOLSKIE,7,390,151.91543579101562
2021-04-06,MAŁOPOLSKIE,7,397,154.59249877929688
2021-04-07,MAŁOPOLSKIE,7,386,154.9488983154297
2021-04-08,MAŁOPOLSKIE,7,392,139.5751495361328
2021-04-09,MAŁOPOLSKIE,7,392,140.50372314453125
2021-04-10,MAŁOPOLSKIE,7,410,110.84862518310547
2021-04-11,MAŁOPOLSKIE,7,410,123.31700897216797
2021-04-12,MAŁOPOLSKIE,7,409,121.86846923828125
2021-04-13,MAŁOPOLSKIE,7,413,116.12047576904297
2021-04-14,MAŁOPOLSKIE,7,404,106.91694641113281
2021-04-15,MAŁOPOLSKIE,7,399,98.8989486694336
2021-04-16,MAŁOPOLSKIE,7,395,123.0201416015625
2021-04-17,MAŁOPOLSKIE,7,394,104.53585815429688
2021-04-18,MAŁOPOLSKIE,7,392,96.51959991455078
2021-04-19,MAŁOPOLSKIE,7,383,118.04562377929688
2021-03-21,OPOLSKIE,7,48,41.644569396972656
2021-03-22,OPOLSKIE,7,53,42.20579528808594
2021-03-23,OPOLSKIE,7,53,45.871917724609375
2021-03-24,OPOLSKIE,7,53,45.82753372192383
2021-03-25,OPOLSKIE,7,51,45.82942199707031
2021-03-26,OPOLSKIE,7,55,46.40530776977539
2021-03-27,OPOLSKIE,7,54,49.19691848754883
2021-03-28,OPOLSKIE,7,60,51.39482498168945
2021-03-29,OPOLSKIE,7,56,51.872657775878906
2021-03-30,OPOLSKIE,7,56,52.15560531616211
2021-03-31,OPOLSKIE,7,63,51.83043670654297
2021-04-01,OPOLSKIE,7,59,45.575992584228516
2021-04-02,OPOLSKIE,7,66,56.08689880371094
2021-04-03,OPOLSKIE,7,66,44.913639068603516
2021-04-04,OPOLSKIE,7,66,44.553916931152344
2021-04-05,OPOLSKIE,7,71,35.12146759033203
2021-04-06,OPOLSKIE,7,66,36.56422805786133
2021-04-07,OPOLSKIE,7,77,36.670562744140625
2021-04-08,OPOLSKIE,7,65,33.206642150878906
2021-04-09,OPOLSKIE,7,67,33.03461456298828
2021-04-10,OPOLSKIE,7,70,25.697872161865234
2021-04-11,OPOLSKIE,7,70,28.91798210144043
2021-04-12,OPOLSKIE,7,72,28.182334899902344
2021-04-13,OPOLSKIE,7,65,26.479963302612305
2021-04-14,OPOLSKIE,7,70,24.403045654296875
2021-04-15,OPOLSKIE,7,73,23.03862190246582
2021-04-16,OPOLSKIE,7,72,28.168331146240234
2021-04-17,OPOLSKIE,7,67,23.737136840820312
2021-04-18,OPOLSKIE,7,64,22.227529525756836
2021-04-19,OPOLSKIE,7,64,27.56898307800293
2021-03-21,PODKARPACKIE,7,193,170.5634765625
2021-03-22,PODKARPACKIE,7,202,171.90025329589844
2021-03-23,PODKARPACKIE,7,198,180.86680603027344
2021-03-24,PODKARPACKIE,7,211,180.41958618164062
2021-03-25,PODKARPACKIE,7,224,177.78671264648438
2021-03-26,PODKARPACKIE,7,215,184.30264282226562
2021-03-27,PODKARPACKIE,7,229,186.16184997558594
2021-03-28,PODKARPACKIE,7,223,193.78408813476562
2021-03-29,PODKARPACKIE,7,204,196.41432189941406
2021-03-30,PODKARPACKIE,7,225,197.75071716308594
2021-03-31,PODKARPACKIE,7,217,184.1956787109375
2021-04-01,PODKARPACKIE,7,225,168.16485595703125
2021-04-02,PODKARPACKIE,7,223,187.80177307128906
2021-04-03,PODKARPACKIE,7,225,170.6670684814453
2021-04-04,PODKARPACKIE,7,225,167.14117431640625
2021-04-05,PODKARPACKIE,7,229,146.81942749023438
2021-04-06,PODKARPACKIE,7,221,145.84426879882812
2021-04-07,PODKARPACKIE,7,222,148.63731384277344
2021-04-08,PODKARPACKIE,7,223,133.31553649902344
2021-04-09,PODKARPACKIE,7,221,131.35951232910156
2021-04-10,PODKARPACKIE,7,233,112.06880187988281
2021-04-11,PODKARPACKIE,7,231,119.7951431274414
2021-04-12,PODKARPACKIE,7,227,122.07202911376953
2021-04-13,PODKARPACKIE,7,233,118.96631622314453
2021-04-14,PODKARPACKIE,7,226,111.4044418334961
2021-04-15,PODKARPACKIE,7,224,105.50341033935547
2021-04-16,PODKARPACKIE,7,230,120.75635528564453
2021-04-17,PODKARPACKIE,7,218,108.25979614257812
2021-04-18,PODKARPACKIE,7,215,103.456787109375
2021-04-19,PODKARPACKIE,7,208,117.61498260498047
2021-03-21,PODLASKIE,7,79,82.49886322021484
2021-03-22,PODLASKIE,7,81,82.0987548828125
2021-03-23,PODLASKIE,7,79,86.71368408203125
2021-03-24,PODLASKIE,7,83,85.49577331542969
2021-03-25,PODLASKIE,7,84,82.99829864501953
2021-03-26,PODLASKIE,7,91,88.92313385009766
2021-03-27,PODLASKIE,7,90,88.5711441040039
2021-03-28,PODLASKIE,7,87,92.8664321899414
2021-03-29,PODLASKIE,7,89,95.03091430664062
2021-03-30,PODLASKIE,7,88,94.5461654663086
2021-03-31,PODLASKIE,7,89,89.02747344970703
2021-04-01,PODLASKIE,7,89,80.01905059814453
2021-04-02,PODLASKIE,7,86,88.79666137695312
2021-04-03,PODLASKIE,7,88,83.01969146728516
2021-04-04,PODLASKIE,7,86,81.30402374267578
2021-04-05,PODLASKIE,7,91,71.63274383544922
2021-04-06,PODLASKIE,7,87,70.442138671875
2021-04-07,PODLASKIE,7,84,72.74910736083984
2021-04-08,PODLASKIE,7,82,65.58927917480469
2021-04-09,PODLASKIE,7,81,64.92984008789062
2021-04-10,PODLASKIE,7,81,55.840476989746094
2021-04-11,PODLASKIE,7,83,60.45699691772461
2021-04-12,PODLASKIE,7,82,61.20450210571289
2021-04-13,PODLASKIE,7,77,60.26773452758789
2021-04-14,PODLASKIE,7,79,56.27127456665039
2021-04-15,PODLASKIE,7,77,52.20732498168945
2021-04-16,PODLASKIE,7,71,60.35786819458008
2021-04-17,PODLASKIE,7,78,54.68154525756836
2021-04-18,PODLASKIE,7,76,51.59306716918945
2021-04-19,PODLASKIE,7,78,58.690921783447266
2021-03-21,POLSKA,7,2420,2255.818115234375
2021-03-22,POLSKA,7,2512,2264.23828125
2021-03-23,POLSKA,7,2542,2392.065673828125
2021-03-24,POLSKA,7,2634,2387.431884765625
2021-03-25,POLSKA,7,2730,2351.446533203125
2021-03-26,POLSKA,7,2810,2440.21533203125
2021-03-27,POLSKA,7,2877,2464.1494140625
2021-03-28,POLSKA,7,2985,2563.33935546875
2021-03-29,POLSKA,7,3045,2595.090087890625
2021-03-30,POLSKA,7,3063,2613.2802734375
2021-03-31,POLSKA,7,3142,2454.108642578125
2021-04-01,POLSKA,7,3160,2220.99951171875
2021-04-02,POLSKA,7,3209,2504.382080078125
2021-04-03,POLSKA,7,3210,2247.48681640625
2021-04-04,POLSKA,7,3250,2202.548095703125
2021-04-05,POLSKA,7,3300,1911.9312744140625
2021-04-06,POLSKA,7,3342,1902.30078125
2021-04-07,POLSKA,7,3362,1928.7044677734375
2021-04-08,POLSKA,7,3382,1733.7625732421875
2021-04-09,POLSKA,7,3378,1713.3759765625
2021-04-10,POLSKA,7,3456,1445.723388671875
2021-04-11,POLSKA,7,3492,1553.863525390625
2021-04-12,POLSKA,7,3513,1576.4173583984375
2021-04-13,POLSKA,7,3466,1541.4952392578125
2021-04-14,POLSKA,7,3444,1431.223876953125
2021-04-15,POLSKA,7,3438,1359.951416015625
2021-04-16,POLSKA,7,3372,1563.8887939453125
2021-04-17,POLSKA,7,3357,1389.2574462890625
2021-04-18,POLSKA,7,3346,1325.78125
2021-04-19,POLSKA,7,3290,1525.642578125
2021-03-21,POMORSKIE,7,127,122.3643798828125
2021-03-22,POMORSKIE,7,129,121.42754364013672
2021-03-23,POMORSKIE,7,123,126.363525390625
2021-03-24,POMORSKIE,7,130,126.94950866699219
2021-03-25,POMORSKIE,7,126,122.79723358154297
2021-03-26,POMORSKIE,7,139,129.30722045898438
2021-03-27,POMORSKIE,7,150,131.5863800048828
2021-03-28,POMORSKIE,7,156,131.5337677001953
2021-03-29,POMORSKIE,7,161,136.3695831298828
2021-03-30,POMORSKIE,7,156,137.24526977539062
2021-03-31,POMORSKIE,7,157,126.90731048583984
2021-04-01,POMORSKIE,7,151,118.62407684326172
2021-04-02,POMORSKIE,7,152,123.6080551147461
2021-04-03,POMORSKIE,7,145,121.92723083496094
2021-04-04,POMORSKIE,7,152,119.43287658691406
2021-04-05,POMORSKIE,7,148,109.31460571289062
2021-04-06,POMORSKIE,7,143,107.5702896118164
2021-04-07,POMORSKIE,7,141,109.35293579101562
2021-04-08,POMORSKIE,7,141,100.03068542480469
2021-04-09,POMORSKIE,7,141,98.00505828857422
2021-04-10,POMORSKIE,7,141,88.11637115478516
2021-04-11,POMORSKIE,7,141,91.41795349121094
2021-04-12,POMORSKIE,7,141,95.1300048828125
2021-04-13,POMORSKIE,7,141,94.05614471435547
2021-04-14,POMORSKIE,7,141,88.91371154785156
2021-04-15,POMORSKIE,7,141,84.75727081298828
2021-04-16,POMORSKIE,7,131,93.01219177246094
2021-04-17,POMORSKIE,7,131,85.76128387451172
2021-04-18,POMORSKIE,7,133,83.05609893798828
2021-04-19,POMORSKIE,7,132,91.84619903564453
2021-03-21,WARMIŃSKO-MAZURSKIE,7,115,109.07026672363281
2021-03-22,WARMIŃSKO-MAZURSKIE,7,112,107.46182250976562
2021-03-23,WARMIŃSKO-MAZURSKIE,7,112,111.72618103027344
2021-03-24,WARMIŃSKO-MAZURSKIE,7,107,110.78189849853516
2021-03-25,WARMIŃSKO-MAZURSKIE,7,114,108.85990142822266
2021-03-26,WARMIŃSKO-MAZURSKIE,7,121,113.37275695800781
2021-03-27,WARMIŃSKO-MAZURSKIE,7,119,110.09325408935547
2021-03-28,WARMIŃSKO-MAZURSKIE,7,122,115.38329315185547
2021-03-29,WARMIŃSKO-MAZURSKIE,7,120,114.92796325683594
2021-03-30,WARMIŃSKO-MAZURSKIE,7,121,116.76515197753906
2021-03-31,WARMIŃSKO-MAZURSKIE,7,119,110.52374267578125
2021-04-01,WARMIŃSKO-MAZURSKIE,7,114,99.58008575439453
2021-04-02,WARMIŃSKO-MAZURSKIE,7,123,113.05098724365234
2021-04-03,WARMIŃSKO-MAZURSKIE,7,121,101.84941101074219
2021-04-04,WARMIŃSKO-MAZURSKIE,7,118,98.63939666748047
2021-04-05,WARMIŃSKO-MAZURSKIE,7,126,89.63314819335938
2021-04-06,WARMIŃSKO-MAZURSKIE,7,124,86.05297088623047
2021-04-07,WARMIŃSKO-MAZURSKIE,7,123,88.94580078125
2021-04-08,WARMIŃSKO-MAZURSKIE,7,125,79.70197296142578
2021-04-09,WARMIŃSKO-MAZURSKIE,7,120,78.61114501953125
2021-04-10,WARMIŃSKO-MAZURSKIE,7,126,67.55017852783203
2021-04-11,WARMIŃSKO-MAZURSKIE,7,124,72.90094757080078
2021-04-12,WARMIŃSKO-MAZURSKIE,7,119,73.065673828125
2021-04-13,WARMIŃSKO-MAZURSKIE,7,116,72.65332794189453
2021-04-14,WARMIŃSKO-MAZURSKIE,7,117,67.47847747802734
2021-04-15,WARMIŃSKO-MAZURSKIE,7,114,60.541412353515625
2021-04-16,WARMIŃSKO-MAZURSKIE,7,108,73.97145080566406
2021-04-17,WARMIŃSKO-MAZURSKIE,7,107,65.79287719726562
2021-04-18,WARMIŃSKO-MAZURSKIE,7,99,61.11544418334961
2021-04-19,WARMIŃSKO-MAZURSKIE,7,102,70.92597198486328
2021-03-21,WIELKOPOLSKIE,7,121,126.90556335449219
2021-03-22,WIELKOPOLSKIE,7,120,128.3387908935547
2021-03-23,WIELKOPOLSKIE,7,137,134.7813262939453
2021-03-24,WIELKOPOLSKIE,7,144,134.99752807617188
2021-03-25,WIELKOPOLSKIE,7,161,133.56019592285156
2021-03-26,WIELKOPOLSKIE,7,173,139.87847900390625
2021-03-27,WIELKOPOLSKIE,7,167,144.8770294189453
2021-03-28,WIELKOPOLSKIE,7,194,144.55760192871094
2021-03-29,WIELKOPOLSKIE,7,198,151.05270385742188
2021-03-30,WIELKOPOLSKIE,7,179,153.7042236328125
2021-03-31,WIELKOPOLSKIE,7,192,140.906005859375
2021-04-01,WIELKOPOLSKIE,7,188,131.87879943847656
2021-04-02,WIELKOPOLSKIE,7,192,138.11471557617188
2021-04-03,WIELKOPOLSKIE,7,188,133.7821044921875
2021-04-04,WIELKOPOLSKIE,7,194,133.0562286376953
2021-04-05,WIELKOPOLSKIE,7,200,115.08123779296875
2021-04-06,WIELKOPOLSKIE,7,220,115.52044677734375
2021-04-07,WIELKOPOLSKIE,7,218,115.62449645996094
2021-04-08,WIELKOPOLSKIE,7,220,107.05033874511719
2021-04-09,WIELKOPOLSKIE,7,229,103.56727600097656
2021-04-10,WIELKOPOLSKIE,7,244,89.97392272949219
2021-04-11,WIELKOPOLSKIE,7,247,94.80266571044922
2021-04-12,WIELKOPOLSKIE,7,227,97.87102508544922
2021-04-13,WIELKOPOLSKIE,7,222,96.36844635009766
2021-04-14,WIELKOPOLSKIE,7,212,89.54583740234375
2021-04-15,WIELKOPOLSKIE,7,211,87.27460479736328
2021-04-16,WIELKOPOLSKIE,7,210,95.63482666015625
2021-04-17,WIELKOPOLSKIE,7,196,86.53994750976562
2021-04-18,WIELKOPOLSKIE,7,205,84.05453491210938
2021-04-19,WIELKOPOLSKIE,7,195,95.35753631591797
2021-03-21,ZACHODNIOPOMORSKIE,7,80,82.21249389648438
2021-03-22,ZACHODNIOPOMORSKIE,7,80,81.66038513183594
2021-03-23,ZACHODNIOPOMORSKIE,7,81,86.47953796386719
2021-03-24,ZACHODNIOPOMORSKIE,7,88,85.45063018798828
2021-03-25,ZACHODNIOPOMORSKIE,7,88,83.35269927978516
2021-03-26,ZACHODNIOPOMORSKIE,7,92,88.16889190673828
2021-03-27,ZACHODNIOPOMORSKIE,7,92,86.45692443847656
2021-03-28,ZACHODNIOPOMORSKIE,7,92,92.61878204345703
2021-03-29,ZACHODNIOPOMORSKIE,7,94,91.98593139648438
2021-03-30,ZACHODNIOPOMORSKIE,7,92,92.72699737548828
2021-03-31,ZACHODNIOPOMORSKIE,7,95,88.69570922851562
2021-04-01,ZACHODNIOPOMORSKIE,7,97,78.27998352050781
2021-04-02,ZACHODNIOPOMORSKIE,7,101,92.57929229736328
2021-04-03,ZACHODNIOPOMORSKIE,7,90,80.7929916381836
2021-04-04,ZACHODNIOPOMORSKIE,7,98,78.37224578857422
2021-04-05,ZACHODNIOPOMORSKIE,7,100,69.01354217529297
2021-04-06,ZACHODNIOPOMORSKIE,7,106,67.25532531738281
2021-04-07,ZACHODNIOPOMORSKIE,7,111,69.99742126464844
2021-04-08,ZACHODNIOPOMORSKIE,7,106,62.02127456665039
2021-04-09,ZACHODNIOPOMORSKIE,7,106,62.67892074584961
2021-04-10,ZACHODNIOPOMORSKIE,7,106,51.70232391357422
2021-04-11,ZACHODNIOPOMORSKIE,7,113,57.06375503540039
2021-04-12,ZACHODNIOPOMORSKIE,7,124,56.8859977722168
2021-04-13,ZACHODNIOPOMORSKIE,7,118,55.51725769042969
2021-04-14,ZACHODNIOPOMORSKIE,7,123,51.52579879760742
2021-04-15,ZACHODNIOPOMORSKIE,7,125,46.733924865722656
2021-04-16,ZACHODNIOPOMORSKIE,7,129,57.08148956298828
2021-04-17,ZACHODNIOPOMORSKIE,7,119,50.38013458251953
2021-04-18,ZACHODNIOPOMORSKIE,7,120,46.47126007080078
2021-04-19,ZACHODNIOPOMORSKIE,7,116,54.497901916503906
2021-03-21,ŁÓDZKIE,7,126,125.77685546875
2021-03-22,ŁÓDZKIE,7,144,127.75953674316406
2021-03-23,ŁÓDZKIE,7,147,133.40855407714844
2021-03-24,ŁÓDZKIE,7,147,133.68878173828125
2021-03-25,ŁÓDZKIE,7,144,131.6631622314453
2021-03-26,ŁÓDZKIE,7,144,138.16360473632812
2021-03-27,ŁÓDZKIE,7,144,143.26805114746094
2021-03-28,ŁÓDZKIE,7,165,143.3297882080078
2021-03-29,ŁÓDZKIE,7,173,148.49139404296875
2021-03-30,ŁÓDZKIE,7,177,150.83995056152344
2021-03-31,ŁÓDZKIE,7,177,138.40113830566406
2021-04-01,ŁÓDZKIE,7,177,129.55250549316406
2021-04-02,ŁÓDZKIE,7,179,135.9258270263672
2021-04-03,ŁÓDZKIE,7,179,131.55601501464844
2021-04-04,ŁÓDZKIE,7,179,130.8688507080078
2021-04-05,ŁÓDZKIE,7,179,114.03765869140625
2021-04-06,ŁÓDZKIE,7,189,114.35771942138672
2021-04-07,ŁÓDZKIE,7,181,114.87413024902344
2021-04-08,ŁÓDZKIE,7,187,105.60714721679688
2021-04-09,ŁÓDZKIE,7,189,102.93318176269531
2021-04-10,ŁÓDZKIE,7,195,89.802734375
2021-04-11,ŁÓDZKIE,7,197,94.65750122070312
2021-04-12,ŁÓDZKIE,7,204,97.81221008300781
2021-04-13,ŁÓDZKIE,7,197,95.95127868652344
2021-04-14,ŁÓDZKIE,7,198,89.66891479492188
2021-04-15,ŁÓDZKIE,7,219,87.25603485107422
2021-04-16,ŁÓDZKIE,7,203,95.52423095703125
2021-04-17,ŁÓDZKIE,7,206,86.88140869140625
2021-04-18,ŁÓDZKIE,7,207,84.24714660644531
2021-04-19,ŁÓDZKIE,7,210,94.68091583251953
2021-03-21,ŚLĄSKIE,7,239,227.951416015625
2021-03-22,ŚLĄSKIE,7,249,229.07305908203125
2021-03-23,ŚLĄSKIE,7,257,242.23866271972656
2021-03-24,ŚLĄSKIE,7,266,242.62689208984375
2021-03-25,ŚLĄSKIE,7,277,241.40968322753906
2021-03-26,ŚLĄSKIE,7,279,247.33428955078125
2021-03-27,ŚLĄSKIE,7,279,252.71432495117188
2021-03-28,ŚLĄSKIE,7,291,258.7488098144531
2021-03-29,ŚLĄSKIE,7,310,261.9495849609375
2021-03-30,ŚLĄSKIE,7,304,266.17987060546875
2021-03-31,ŚLĄSKIE,7,365,250.03201293945312
2021-04-01,ŚLĄSKIE,7,375,229.59361267089844
2021-04-02,ŚLĄSKIE,7,382,256.2632751464844
2021-04-03,ŚLĄSKIE,7,385,229.91812133789062
2021-04-04,ŚLĄSKIE,7,377,227.19216918945312
2021-04-05,ŚLĄSKIE,7,392,195.08932495117188
2021-04-06,ŚLĄSKIE,7,398,194.94775390625
2021-04-07,ŚLĄSKIE,7,411,196.92408752441406
2021-04-08,ŚLĄSKIE,7,416,177.64527893066406
2021-04-09,ŚLĄSKIE,7,406,174.29563903808594
2021-04-10,ŚLĄSKIE,7,417,146.64346313476562
2021-04-11,ŚLĄSKIE,7,440,157.10150146484375
2021-04-12,ŚLĄSKIE,7,454,159.4736328125
2021-04-13,ŚLĄSKIE,7,467,155.33436584472656
2021-04-14,ŚLĄSKIE,7,454,143.80532836914062
2021-04-15,ŚLĄSKIE,7,465,137.93157958984375
2021-04-16,ŚLĄSKIE,7,448,158.9568634033203
2021-04-17,ŚLĄSKIE,7,447,139.94020080566406
2021-04-18,ŚLĄSKIE,7,445,133.50074768066406
2021-04-19,ŚLĄSKIE,7,430,155.93138122558594
2021-03-21,ŚWIĘTOKRZYSKIE,7,129,106.28335571289062
2021-03-22,ŚWIĘTOKRZYSKIE,7,123,105.85208129882812
2021-03-23,ŚWIĘTOKRZYSKIE,7,127,111.94461059570312
2021-03-24,ŚWIĘTOKRZYSKIE,7,127,111.87105560302734
2021-03-25,ŚWIĘTOKRZYSKIE,7,124,111.79094696044922
2021-03-26,ŚWIĘTOKRZYSKIE,7,131,114.06083679199219
2021-03-27,ŚWIĘTOKRZYSKIE,7,143,117.86408996582031
2021-03-28,ŚWIĘTOKRZYSKIE,7,146,123.58927154541016
2021-03-29,ŚWIĘTOKRZYSKIE,7,155,121.73058319091797
2021-03-30,ŚWIĘTOKRZYSKIE,7,160,123.33585357666016
2021-03-31,ŚWIĘTOKRZYSKIE,7,152,122.08589935302734
2021-04-01,ŚWIĘTOKRZYSKIE,7,160,107.03107452392578
2021-04-02,ŚWIĘTOKRZYSKIE,7,162,132.0057830810547
2021-04-03,ŚWIĘTOKRZYSKIE,7,156,106.3305892944336
2021-04-04,ŚWIĘTOKRZYSKIE,7,154,105.49066925048828
2021-04-05,ŚWIĘTOKRZYSKIE,7,157,86.19766998291016
2021-04-06,ŚWIĘTOKRZYSKIE,7,162,87.82930755615234
2021-04-07,ŚWIĘTOKRZYSKIE,7,164,88.42620849609375
2021-04-08,ŚWIĘTOKRZYSKIE,7,170,78.92008972167969
2021-04-09,ŚWIĘTOKRZYSKIE,7,162,79.51264953613281
2021-04-10,ŚWIĘTOKRZYSKIE,7,159,62.80015563964844
2021-04-11,ŚWIĘTOKRZYSKIE,7,164,70.8567123413086
2021-04-12,ŚWIĘTOKRZYSKIE,7,164,68.95718383789062
2021-04-13,ŚWIĘTOKRZYSKIE,7,157,65.3246841430664
2021-04-14,ŚWIĘTOKRZYSKIE,7,155,60.26625442504883
2021-04-15,ŚWIĘTOKRZYSKIE,7,152,55.45199966430664
2021-04-16,ŚWIĘTOKRZYSKIE,7,148,70.18441772460938
2021-04-17,ŚWIĘTOKRZYSKIE,7,153,59.702545166015625
2021-04-18,ŚWIĘTOKRZYSKIE,7,157,54.01926040649414
2021-04-19,ŚWIĘTOKRZYSKIE,7,158,66.85553741455078
