date,region,Liczba zajętych respiratorów (stan ciężki),prediction
2021-03-21,DOLNOŚLĄSKIE,179.0,176.63246154785156
2021-03-22,DOLNOŚLĄSKIE,176.0,184.3531494140625
2021-03-23,DOLNOŚLĄSKIE,176.0,185.92071533203125
2021-03-24,DOLNOŚLĄSKIE,195.0,189.35684204101562
2021-03-25,DOLNOŚLĄSKIE,209.0,194.4161834716797
2021-03-26,DOLNOŚLĄSKIE,206.0,192.57952880859375
2021-03-27,DOLNOŚLĄSKIE,206.0,198.19778442382812
2021-03-28,DOLNOŚLĄSKIE,231.0,199.83987426757812
2021-03-29,DOLNOŚLĄSKIE,226.0,207.76040649414062
2021-03-30,DOLNOŚLĄSKIE,239.0,201.2471160888672
2021-03-31,DOLNOŚLĄSKIE,246.0,213.4842529296875
2021-04-01,DOLNOŚLĄSKIE,233.0,211.93670654296875
2021-04-02,DOLNOŚLĄSKIE,234.0,209.0888671875
2021-04-03,DOLNOŚLĄSKIE,251.0,220.51319885253906
2021-04-04,DOLNOŚLĄSKIE,261.0,218.35386657714844
2021-04-05,DOLNOŚLĄSKIE,263.0,216.29098510742188
2021-04-06,DOLNOŚLĄSKIE,252.0,200.127197265625
2021-04-07,DOLNOŚLĄSKIE,258.0,212.06822204589844
2021-04-08,DOLNOŚLĄSKIE,267.0,198.78163146972656
2021-04-09,DOLNOŚLĄSKIE,265.0,202.41213989257812
2021-04-10,DOLNOŚLĄSKIE,263.0,200.87013244628906
2021-04-11,DOLNOŚLĄSKIE,253.0,182.59104919433594
2021-04-12,DOLNOŚLĄSKIE,256.0,199.18145751953125
2021-04-13,DOLNOŚLĄSKIE,261.0,246.26083374023438
2021-04-14,DOLNOŚLĄSKIE,263.0,206.38717651367188
2021-04-15,DOLNOŚLĄSKIE,267.0,179.29249572753906
2021-04-16,DOLNOŚLĄSKIE,264.0,189.47195434570312
2021-04-17,DOLNOŚLĄSKIE,271.0,179.99276733398438
2021-04-18,DOLNOŚLĄSKIE,278.0,184.689208984375
2021-04-19,DOLNOŚLĄSKIE,271.0,168.96200561523438
2021-03-21,KUJAWSKO-POMORSKIE,155.0,147.17874145507812
2021-03-22,KUJAWSKO-POMORSKIE,157.0,151.65097045898438
2021-03-23,KUJAWSKO-POMORSKIE,154.0,152.4949951171875
2021-03-24,KUJAWSKO-POMORSKIE,161.0,155.02716064453125
2021-03-25,KUJAWSKO-POMORSKIE,159.0,158.70375061035156
2021-03-26,KUJAWSKO-POMORSKIE,162.0,156.40403747558594
2021-03-27,KUJAWSKO-POMORSKIE,169.0,159.31802368164062
2021-03-28,KUJAWSKO-POMORSKIE,162.0,159.39791870117188
2021-03-29,KUJAWSKO-POMORSKIE,169.0,165.96400451660156
2021-03-30,KUJAWSKO-POMORSKIE,161.0,162.20091247558594
2021-03-31,KUJAWSKO-POMORSKIE,181.0,170.35089111328125
2021-04-01,KUJAWSKO-POMORSKIE,186.0,169.79788208007812
2021-04-02,KUJAWSKO-POMORSKIE,183.0,167.65032958984375
2021-04-03,KUJAWSKO-POMORSKIE,180.0,176.970947265625
2021-04-04,KUJAWSKO-POMORSKIE,186.0,173.78604125976562
2021-04-05,KUJAWSKO-POMORSKIE,176.0,176.17543029785156
2021-04-06,KUJAWSKO-POMORSKIE,186.0,170.4994354248047
2021-04-07,KUJAWSKO-POMORSKIE,184.0,170.0630645751953
2021-04-08,KUJAWSKO-POMORSKIE,183.0,160.8260040283203
2021-04-09,KUJAWSKO-POMORSKIE,186.0,167.21299743652344
2021-04-10,KUJAWSKO-POMORSKIE,192.0,170.3482208251953
2021-04-11,KUJAWSKO-POMORSKIE,196.0,151.15621948242188
2021-04-12,KUJAWSKO-POMORSKIE,207.0,180.58627319335938
2021-04-13,KUJAWSKO-POMORSKIE,185.0,212.31649780273438
2021-04-14,KUJAWSKO-POMORSKIE,189.0,178.0516815185547
2021-04-15,KUJAWSKO-POMORSKIE,176.0,160.85760498046875
2021-04-16,KUJAWSKO-POMORSKIE,181.0,161.57778930664062
2021-04-17,KUJAWSKO-POMORSKIE,178.0,152.87066650390625
2021-04-18,KUJAWSKO-POMORSKIE,180.0,158.1346893310547
2021-04-19,KUJAWSKO-POMORSKIE,167.0,146.42129516601562
2021-03-21,LUBELSKIE,114.0,123.3034439086914
2021-03-22,LUBELSKIE,124.0,128.46405029296875
2021-03-23,LUBELSKIE,119.0,128.53733825683594
2021-03-24,LUBELSKIE,119.0,130.01219177246094
2021-03-25,LUBELSKIE,120.0,133.68934631347656
2021-03-26,LUBELSKIE,133.0,131.3033447265625
2021-03-27,LUBELSKIE,123.0,132.65863037109375
2021-03-28,LUBELSKIE,127.0,133.67166137695312
2021-03-29,LUBELSKIE,131.0,137.58413696289062
2021-03-30,LUBELSKIE,140.0,134.98663330078125
2021-03-31,LUBELSKIE,140.0,140.65817260742188
2021-04-01,LUBELSKIE,134.0,138.54054260253906
2021-04-02,LUBELSKIE,142.0,137.41671752929688
2021-04-03,LUBELSKIE,146.0,146.22288513183594
2021-04-04,LUBELSKIE,144.0,141.70228576660156
2021-04-05,LUBELSKIE,148.0,142.10263061523438
2021-04-06,LUBELSKIE,161.0,134.7042694091797
2021-04-07,LUBELSKIE,160.0,137.22174072265625
2021-04-08,LUBELSKIE,158.0,131.7633514404297
2021-04-09,LUBELSKIE,153.0,133.43373107910156
2021-04-10,LUBELSKIE,161.0,136.03262329101562
2021-04-11,LUBELSKIE,160.0,121.02947998046875
2021-04-12,LUBELSKIE,164.0,136.79910278320312
2021-04-13,LUBELSKIE,154.0,164.40135192871094
2021-04-14,LUBELSKIE,151.0,139.3557891845703
2021-04-15,LUBELSKIE,144.0,125.02299499511719
2021-04-16,LUBELSKIE,147.0,129.98175048828125
2021-04-17,LUBELSKIE,150.0,123.85186004638672
2021-04-18,LUBELSKIE,143.0,123.72508239746094
2021-04-19,LUBELSKIE,143.0,116.33313751220703
2021-03-21,LUBUSKIE,89.0,80.21297454833984
2021-03-22,LUBUSKIE,100.0,83.92840576171875
2021-03-23,LUBUSKIE,93.0,84.1170425415039
2021-03-24,LUBUSKIE,92.0,83.96195983886719
2021-03-25,LUBUSKIE,92.0,86.94988250732422
2021-03-26,LUBUSKIE,97.0,85.1707534790039
2021-03-27,LUBUSKIE,110.0,89.25017547607422
2021-03-28,LUBUSKIE,110.0,89.74629211425781
2021-03-29,LUBUSKIE,103.0,91.65713500976562
2021-03-30,LUBUSKIE,101.0,90.33602905273438
2021-03-31,LUBUSKIE,103.0,93.69916534423828
2021-04-01,LUBUSKIE,103.0,91.00513458251953
2021-04-02,LUBUSKIE,109.0,91.02338409423828
2021-04-03,LUBUSKIE,106.0,97.82530212402344
2021-04-04,LUBUSKIE,114.0,92.80642700195312
2021-04-05,LUBUSKIE,122.0,89.18771362304688
2021-04-06,LUBUSKIE,121.0,83.98970794677734
2021-04-07,LUBUSKIE,120.0,87.1464614868164
2021-04-08,LUBUSKIE,111.0,84.97345733642578
2021-04-09,LUBUSKIE,110.0,85.61280822753906
2021-04-10,LUBUSKIE,111.0,80.0439453125
2021-04-11,LUBUSKIE,112.0,76.90386962890625
2021-04-12,LUBUSKIE,111.0,80.64228820800781
2021-04-13,LUBUSKIE,101.0,91.19784545898438
2021-04-14,LUBUSKIE,104.0,84.11804962158203
2021-04-15,LUBUSKIE,102.0,74.06126403808594
2021-04-16,LUBUSKIE,95.0,79.46444702148438
2021-04-17,LUBUSKIE,106.0,74.80926513671875
2021-04-18,LUBUSKIE,102.0,75.37772369384766
2021-04-19,LUBUSKIE,107.0,71.88532257080078
2021-03-21,MAZOWIECKIE,380.0,389.2183532714844
2021-03-22,MAZOWIECKIE,412.0,406.83502197265625
2021-03-23,MAZOWIECKIE,431.0,408.781005859375
2021-03-24,MAZOWIECKIE,444.0,417.8998718261719
2021-03-25,MAZOWIECKIE,477.0,429.78192138671875
2021-03-26,MAZOWIECKIE,478.0,432.6004638671875
2021-03-27,MAZOWIECKIE,496.0,434.8645324707031
2021-03-28,MAZOWIECKIE,502.0,445.27886962890625
2021-03-29,MAZOWIECKIE,529.0,463.59210205078125
2021-03-30,MAZOWIECKIE,515.0,459.9244079589844
2021-03-31,MAZOWIECKIE,506.0,482.60943603515625
2021-04-01,MAZOWIECKIE,512.0,493.0673522949219
2021-04-02,MAZOWIECKIE,514.0,483.3380432128906
2021-04-03,MAZOWIECKIE,513.0,518.6913452148438
2021-04-04,MAZOWIECKIE,513.0,513.1849365234375
2021-04-05,MAZOWIECKIE,508.0,524.3084716796875
2021-04-06,MAZOWIECKIE,509.0,503.7596740722656
2021-04-07,MAZOWIECKIE,522.0,508.7261047363281
2021-04-08,MAZOWIECKIE,536.0,495.1815490722656
2021-04-09,MAZOWIECKIE,550.0,517.7681884765625
2021-04-10,MAZOWIECKIE,547.0,530.2568359375
2021-04-11,MAZOWIECKIE,551.0,463.5474548339844
2021-04-12,MAZOWIECKIE,552.0,552.33251953125
2021-04-13,MAZOWIECKIE,559.0,647.004150390625
2021-04-14,MAZOWIECKIE,558.0,518.9886474609375
2021-04-15,MAZOWIECKIE,549.0,472.9757080078125
2021-04-16,MAZOWIECKIE,540.0,460.2214050292969
2021-04-17,MAZOWIECKIE,536.0,439.03192138671875
2021-04-18,MAZOWIECKIE,530.0,450.2889099121094
2021-04-19,MAZOWIECKIE,526.0,410.534423828125
2021-03-21,MAŁOPOLSKIE,246.0,224.83364868164062
2021-03-22,MAŁOPOLSKIE,250.0,234.41673278808594
2021-03-23,MAŁOPOLSKIE,255.0,233.9234619140625
2021-03-24,MAŁOPOLSKIE,267.0,238.38230895996094
2021-03-25,MAŁOPOLSKIE,280.0,244.15957641601562
2021-03-26,MAŁOPOLSKIE,294.0,245.94435119628906
2021-03-27,MAŁOPOLSKIE,306.0,242.82382202148438
2021-03-28,MAŁOPOLSKIE,317.0,256.7836608886719
2021-03-29,MAŁOPOLSKIE,327.0,254.30921936035156
2021-03-30,MAŁOPOLSKIE,349.0,260.5198059082031
2021-03-31,MAŁOPOLSKIE,340.0,267.6430969238281
2021-04-01,MAŁOPOLSKIE,357.0,268.2898864746094
2021-04-02,MAŁOPOLSKIE,361.0,278.1971740722656
2021-04-03,MAŁOPOLSKIE,371.0,295.2445068359375
2021-04-04,MAŁOPOLSKIE,383.0,292.8514709472656
2021-04-05,MAŁOPOLSKIE,390.0,293.66925048828125
2021-04-06,MAŁOPOLSKIE,397.0,292.0553283691406
2021-04-07,MAŁOPOLSKIE,386.0,302.18408203125
2021-04-08,MAŁOPOLSKIE,392.0,312.870361328125
2021-04-09,MAŁOPOLSKIE,392.0,319.845458984375
2021-04-10,MAŁOPOLSKIE,410.0,335.8602294921875
2021-04-11,MAŁOPOLSKIE,410.0,296.17913818359375
2021-04-12,MAŁOPOLSKIE,409.0,364.5706481933594
2021-04-13,MAŁOPOLSKIE,413.0,413.69940185546875
2021-04-14,MAŁOPOLSKIE,404.0,324.0793762207031
2021-04-15,MAŁOPOLSKIE,399.0,283.2591857910156
2021-04-16,MAŁOPOLSKIE,395.0,264.8692321777344
2021-04-17,MAŁOPOLSKIE,394.0,265.0416564941406
2021-04-18,MAŁOPOLSKIE,392.0,259.1979064941406
2021-04-19,MAŁOPOLSKIE,383.0,238.91709899902344
2021-03-21,OPOLSKIE,48.0,51.018043518066406
2021-03-22,OPOLSKIE,53.0,52.076072692871094
2021-03-23,OPOLSKIE,53.0,53.11578369140625
2021-03-24,OPOLSKIE,53.0,53.28065872192383
2021-03-25,OPOLSKIE,51.0,56.113372802734375
2021-03-26,OPOLSKIE,55.0,55.20948791503906
2021-03-27,OPOLSKIE,54.0,55.290714263916016
2021-03-28,OPOLSKIE,60.0,56.10095977783203
2021-03-29,OPOLSKIE,56.0,57.36644744873047
2021-03-30,OPOLSKIE,56.0,56.772804260253906
2021-03-31,OPOLSKIE,63.0,55.16664505004883
2021-04-01,OPOLSKIE,59.0,59.87075424194336
2021-04-02,OPOLSKIE,66.0,61.35491180419922
2021-04-03,OPOLSKIE,66.0,64.26763153076172
2021-04-04,OPOLSKIE,66.0,59.59506607055664
2021-04-05,OPOLSKIE,71.0,60.15229797363281
2021-04-06,OPOLSKIE,66.0,56.20651626586914
2021-04-07,OPOLSKIE,77.0,63.837066650390625
2021-04-08,OPOLSKIE,65.0,62.375244140625
2021-04-09,OPOLSKIE,67.0,64.58683013916016
2021-04-10,OPOLSKIE,70.0,59.67290115356445
2021-04-11,OPOLSKIE,70.0,60.080650329589844
2021-04-12,OPOLSKIE,72.0,58.81447982788086
2021-04-13,OPOLSKIE,65.0,78.97427368164062
2021-04-14,OPOLSKIE,70.0,65.3675308227539
2021-04-15,OPOLSKIE,73.0,58.163185119628906
2021-04-16,OPOLSKIE,72.0,54.94964599609375
2021-04-17,OPOLSKIE,67.0,53.463356018066406
2021-04-18,OPOLSKIE,64.0,57.212913513183594
2021-04-19,OPOLSKIE,64.0,50.278099060058594
2021-03-21,PODKARPACKIE,193.0,197.640625
2021-03-22,PODKARPACKIE,202.0,202.19325256347656
2021-03-23,PODKARPACKIE,198.0,201.889404296875
2021-03-24,PODKARPACKIE,211.0,204.74786376953125
2021-03-25,PODKARPACKIE,224.0,209.09906005859375
2021-03-26,PODKARPACKIE,215.0,208.510498046875
2021-03-27,PODKARPACKIE,229.0,208.3963623046875
2021-03-28,PODKARPACKIE,223.0,210.67967224121094
2021-03-29,PODKARPACKIE,204.0,219.1807098388672
2021-03-30,PODKARPACKIE,225.0,214.88653564453125
2021-03-31,PODKARPACKIE,217.0,221.9407501220703
2021-04-01,PODKARPACKIE,225.0,227.45999145507812
2021-04-02,PODKARPACKIE,223.0,222.79409790039062
2021-04-03,PODKARPACKIE,225.0,238.0093536376953
2021-04-04,PODKARPACKIE,225.0,231.2903289794922
2021-04-05,PODKARPACKIE,229.0,235.80844116210938
2021-04-06,PODKARPACKIE,221.0,224.9998016357422
2021-04-07,PODKARPACKIE,222.0,230.72186279296875
2021-04-08,PODKARPACKIE,223.0,221.7717742919922
2021-04-09,PODKARPACKIE,221.0,235.5980987548828
2021-04-10,PODKARPACKIE,233.0,231.63433837890625
2021-04-11,PODKARPACKIE,231.0,208.22796630859375
2021-04-12,PODKARPACKIE,227.0,240.04849243164062
2021-04-13,PODKARPACKIE,233.0,283.00189208984375
2021-04-14,PODKARPACKIE,226.0,237.90399169921875
2021-04-15,PODKARPACKIE,224.0,219.35586547851562
2021-04-16,PODKARPACKIE,230.0,210.51744079589844
2021-04-17,PODKARPACKIE,218.0,203.9508514404297
2021-04-18,PODKARPACKIE,215.0,209.05335998535156
2021-04-19,PODKARPACKIE,208.0,192.1094512939453
2021-03-21,PODLASKIE,79.0,80.93069458007812
2021-03-22,PODLASKIE,81.0,83.5802993774414
2021-03-23,PODLASKIE,79.0,83.4475326538086
2021-03-24,PODLASKIE,83.0,83.78195190429688
2021-03-25,PODLASKIE,84.0,85.82086181640625
2021-03-26,PODLASKIE,91.0,83.86699676513672
2021-03-27,PODLASKIE,90.0,84.83319854736328
2021-03-28,PODLASKIE,87.0,85.5767822265625
2021-03-29,PODLASKIE,89.0,87.33370971679688
2021-03-30,PODLASKIE,88.0,85.28363037109375
2021-03-31,PODLASKIE,89.0,88.74469757080078
2021-04-01,PODLASKIE,89.0,87.47892761230469
2021-04-02,PODLASKIE,86.0,86.63494110107422
2021-04-03,PODLASKIE,88.0,93.68476867675781
2021-04-04,PODLASKIE,86.0,89.46951293945312
2021-04-05,PODLASKIE,91.0,90.14881896972656
2021-04-06,PODLASKIE,87.0,85.43019104003906
2021-04-07,PODLASKIE,84.0,87.4041976928711
2021-04-08,PODLASKIE,82.0,85.0914535522461
2021-04-09,PODLASKIE,81.0,86.12488555908203
2021-04-10,PODLASKIE,81.0,87.86360931396484
2021-04-11,PODLASKIE,83.0,78.03455352783203
2021-04-12,PODLASKIE,82.0,89.18452453613281
2021-04-13,PODLASKIE,77.0,104.94477081298828
2021-04-14,PODLASKIE,79.0,89.5587158203125
2021-04-15,PODLASKIE,77.0,83.26471710205078
2021-04-16,PODLASKIE,71.0,85.90421295166016
2021-04-17,PODLASKIE,78.0,84.30061340332031
2021-04-18,PODLASKIE,76.0,80.5079574584961
2021-04-19,PODLASKIE,78.0,79.38794708251953
2021-03-21,POMORSKIE,127.0,131.92697143554688
2021-03-22,POMORSKIE,129.0,134.95091247558594
2021-03-23,POMORSKIE,123.0,135.07699584960938
2021-03-24,POMORSKIE,130.0,135.36329650878906
2021-03-25,POMORSKIE,126.0,138.90684509277344
2021-03-26,POMORSKIE,139.0,135.91400146484375
2021-03-27,POMORSKIE,150.0,138.67791748046875
2021-03-28,POMORSKIE,156.0,138.55467224121094
2021-03-29,POMORSKIE,161.0,140.80953979492188
2021-03-30,POMORSKIE,156.0,135.6888885498047
2021-03-31,POMORSKIE,157.0,143.55731201171875
2021-04-01,POMORSKIE,151.0,141.35205078125
2021-04-02,POMORSKIE,152.0,140.41331481933594
2021-04-03,POMORSKIE,145.0,145.774169921875
2021-04-04,POMORSKIE,152.0,143.1138153076172
2021-04-05,POMORSKIE,148.0,140.9071044921875
2021-04-06,POMORSKIE,143.0,131.59852600097656
2021-04-07,POMORSKIE,141.0,136.06190490722656
2021-04-08,POMORSKIE,141.0,132.7975616455078
2021-04-09,POMORSKIE,141.0,133.97267150878906
2021-04-10,POMORSKIE,141.0,128.6327362060547
2021-04-11,POMORSKIE,141.0,124.23789978027344
2021-04-12,POMORSKIE,141.0,132.93408203125
2021-04-13,POMORSKIE,141.0,156.1578369140625
2021-04-14,POMORSKIE,141.0,138.2575225830078
2021-04-15,POMORSKIE,141.0,122.12396240234375
2021-04-16,POMORSKIE,131.0,128.44570922851562
2021-04-17,POMORSKIE,131.0,125.14483642578125
2021-04-18,POMORSKIE,133.0,123.46649932861328
2021-04-19,POMORSKIE,132.0,117.94981384277344
2021-03-21,WARMIŃSKO-MAZURSKIE,115.0,115.43888854980469
2021-03-22,WARMIŃSKO-MAZURSKIE,112.0,117.95732879638672
2021-03-23,WARMIŃSKO-MAZURSKIE,112.0,116.24480438232422
2021-03-24,WARMIŃSKO-MAZURSKIE,107.0,118.46585845947266
2021-03-25,WARMIŃSKO-MAZURSKIE,114.0,119.4737548828125
2021-03-26,WARMIŃSKO-MAZURSKIE,121.0,118.9153060913086
2021-03-27,WARMIŃSKO-MAZURSKIE,119.0,117.74256896972656
2021-03-28,WARMIŃSKO-MAZURSKIE,122.0,120.8212890625
2021-03-29,WARMIŃSKO-MAZURSKIE,120.0,126.09821319580078
2021-03-30,WARMIŃSKO-MAZURSKIE,121.0,126.54793548583984
2021-03-31,WARMIŃSKO-MAZURSKIE,119.0,133.665771484375
2021-04-01,WARMIŃSKO-MAZURSKIE,114.0,132.06556701660156
2021-04-02,WARMIŃSKO-MAZURSKIE,123.0,130.5863037109375
2021-04-03,WARMIŃSKO-MAZURSKIE,121.0,140.6442108154297
2021-04-04,WARMIŃSKO-MAZURSKIE,118.0,138.84837341308594
2021-04-05,WARMIŃSKO-MAZURSKIE,126.0,142.86459350585938
2021-04-06,WARMIŃSKO-MAZURSKIE,124.0,147.7283477783203
2021-04-07,WARMIŃSKO-MAZURSKIE,123.0,142.695068359375
2021-04-08,WARMIŃSKO-MAZURSKIE,125.0,141.4180450439453
2021-04-09,WARMIŃSKO-MAZURSKIE,120.0,152.83135986328125
2021-04-10,WARMIŃSKO-MAZURSKIE,126.0,157.8260955810547
2021-04-11,WARMIŃSKO-MAZURSKIE,124.0,135.22137451171875
2021-04-12,WARMIŃSKO-MAZURSKIE,119.0,167.92002868652344
2021-04-13,WARMIŃSKO-MAZURSKIE,116.0,192.5111083984375
2021-04-14,WARMIŃSKO-MAZURSKIE,117.0,157.1485595703125
2021-04-15,WARMIŃSKO-MAZURSKIE,114.0,147.4835968017578
2021-04-16,WARMIŃSKO-MAZURSKIE,108.0,139.28860473632812
2021-04-17,WARMIŃSKO-MAZURSKIE,107.0,133.53488159179688
2021-04-18,WARMIŃSKO-MAZURSKIE,99.0,133.0975799560547
2021-04-19,WARMIŃSKO-MAZURSKIE,102.0,124.39434051513672
2021-03-21,WIELKOPOLSKIE,121.0,122.69515991210938
2021-03-22,WIELKOPOLSKIE,120.0,130.33319091796875
2021-03-23,WIELKOPOLSKIE,137.0,131.3441162109375
2021-03-24,WIELKOPOLSKIE,144.0,132.53421020507812
2021-03-25,WIELKOPOLSKIE,161.0,138.24862670898438
2021-03-26,WIELKOPOLSKIE,173.0,136.69891357421875
2021-03-27,WIELKOPOLSKIE,167.0,144.9156036376953
2021-03-28,WIELKOPOLSKIE,194.0,144.47286987304688
2021-03-29,WIELKOPOLSKIE,198.0,144.28506469726562
2021-03-30,WIELKOPOLSKIE,179.0,141.79183959960938
2021-03-31,WIELKOPOLSKIE,192.0,154.42514038085938
2021-04-01,WIELKOPOLSKIE,188.0,150.29861450195312
2021-04-02,WIELKOPOLSKIE,192.0,148.0179443359375
2021-04-03,WIELKOPOLSKIE,188.0,148.29177856445312
2021-04-04,WIELKOPOLSKIE,194.0,149.44424438476562
2021-04-05,WIELKOPOLSKIE,200.0,146.56509399414062
2021-04-06,WIELKOPOLSKIE,220.0,135.78736877441406
2021-04-07,WIELKOPOLSKIE,218.0,138.01312255859375
2021-04-08,WIELKOPOLSKIE,220.0,135.6754608154297
2021-04-09,WIELKOPOLSKIE,229.0,134.27354431152344
2021-04-10,WIELKOPOLSKIE,244.0,132.33203125
2021-04-11,WIELKOPOLSKIE,247.0,126.71173095703125
2021-04-12,WIELKOPOLSKIE,227.0,134.66854858398438
2021-04-13,WIELKOPOLSKIE,222.0,142.40744018554688
2021-04-14,WIELKOPOLSKIE,212.0,129.45767211914062
2021-04-15,WIELKOPOLSKIE,211.0,122.18534851074219
2021-04-16,WIELKOPOLSKIE,210.0,128.38821411132812
2021-04-17,WIELKOPOLSKIE,196.0,121.72227478027344
2021-04-18,WIELKOPOLSKIE,205.0,120.03414916992188
2021-04-19,WIELKOPOLSKIE,195.0,110.56108093261719
2021-03-21,ZACHODNIOPOMORSKIE,80.0,86.87883758544922
2021-03-22,ZACHODNIOPOMORSKIE,80.0,90.69767761230469
2021-03-23,ZACHODNIOPOMORSKIE,81.0,89.73147583007812
2021-03-24,ZACHODNIOPOMORSKIE,88.0,92.81779479980469
2021-03-25,ZACHODNIOPOMORSKIE,88.0,94.57138061523438
2021-03-26,ZACHODNIOPOMORSKIE,92.0,95.02998352050781
2021-03-27,ZACHODNIOPOMORSKIE,92.0,94.69407653808594
2021-03-28,ZACHODNIOPOMORSKIE,92.0,97.29263305664062
2021-03-29,ZACHODNIOPOMORSKIE,94.0,102.16958618164062
2021-03-30,ZACHODNIOPOMORSKIE,92.0,101.69266510009766
2021-03-31,ZACHODNIOPOMORSKIE,95.0,107.2733383178711
2021-04-01,ZACHODNIOPOMORSKIE,97.0,109.2077407836914
2021-04-02,ZACHODNIOPOMORSKIE,101.0,107.5637435913086
2021-04-03,ZACHODNIOPOMORSKIE,90.0,113.59915924072266
2021-04-04,ZACHODNIOPOMORSKIE,98.0,114.94720458984375
2021-04-05,ZACHODNIOPOMORSKIE,100.0,118.30410766601562
2021-04-06,ZACHODNIOPOMORSKIE,106.0,117.07426452636719
2021-04-07,ZACHODNIOPOMORSKIE,111.0,118.96723937988281
2021-04-08,ZACHODNIOPOMORSKIE,106.0,117.975830078125
2021-04-09,ZACHODNIOPOMORSKIE,106.0,121.13287353515625
2021-04-10,ZACHODNIOPOMORSKIE,106.0,128.30538940429688
2021-04-11,ZACHODNIOPOMORSKIE,113.0,112.70405578613281
2021-04-12,ZACHODNIOPOMORSKIE,124.0,136.661865234375
2021-04-13,ZACHODNIOPOMORSKIE,118.0,157.0738067626953
2021-04-14,ZACHODNIOPOMORSKIE,123.0,125.47569274902344
2021-04-15,ZACHODNIOPOMORSKIE,125.0,116.95147705078125
2021-04-16,ZACHODNIOPOMORSKIE,129.0,109.89945983886719
2021-04-17,ZACHODNIOPOMORSKIE,119.0,107.27460479736328
2021-04-18,ZACHODNIOPOMORSKIE,120.0,108.69074249267578
2021-04-19,ZACHODNIOPOMORSKIE,116.0,98.53557586669922
2021-03-21,ŁÓDZKIE,126.0,124.14021301269531
2021-03-22,ŁÓDZKIE,144.0,131.14158630371094
2021-03-23,ŁÓDZKIE,147.0,133.52333068847656
2021-03-24,ŁÓDZKIE,147.0,135.98399353027344
2021-03-25,ŁÓDZKIE,144.0,139.2349090576172
2021-03-26,ŁÓDZKIE,144.0,136.02613830566406
2021-03-27,ŁÓDZKIE,144.0,144.78228759765625
2021-03-28,ŁÓDZKIE,165.0,144.5157012939453
2021-03-29,ŁÓDZKIE,173.0,147.93150329589844
2021-03-30,ŁÓDZKIE,177.0,143.6726531982422
2021-03-31,ŁÓDZKIE,177.0,154.4617462158203
2021-04-01,ŁÓDZKIE,177.0,151.30372619628906
2021-04-02,ŁÓDZKIE,179.0,149.23182678222656
2021-04-03,ŁÓDZKIE,179.0,153.8356475830078
2021-04-04,ŁÓDZKIE,179.0,148.85983276367188
2021-04-05,ŁÓDZKIE,179.0,147.87005615234375
2021-04-06,ŁÓDZKIE,189.0,137.42831420898438
2021-04-07,ŁÓDZKIE,181.0,139.2603302001953
2021-04-08,ŁÓDZKIE,187.0,136.22828674316406
2021-04-09,ŁÓDZKIE,189.0,137.14013671875
2021-04-10,ŁÓDZKIE,195.0,133.77328491210938
2021-04-11,ŁÓDZKIE,197.0,126.8403549194336
2021-04-12,ŁÓDZKIE,204.0,137.30767822265625
2021-04-13,ŁÓDZKIE,197.0,148.62301635742188
2021-04-14,ŁÓDZKIE,198.0,133.70680236816406
2021-04-15,ŁÓDZKIE,219.0,121.71632385253906
2021-04-16,ŁÓDZKIE,203.0,130.79522705078125
2021-04-17,ŁÓDZKIE,206.0,122.06077575683594
2021-04-18,ŁÓDZKIE,207.0,121.26082611083984
2021-04-19,ŁÓDZKIE,210.0,113.62134552001953
2021-03-21,ŚLĄSKIE,239.0,238.5099334716797
2021-03-22,ŚLĄSKIE,249.0,252.4709014892578
2021-03-23,ŚLĄSKIE,257.0,255.53433227539062
2021-03-24,ŚLĄSKIE,266.0,262.0783386230469
2021-03-25,ŚLĄSKIE,277.0,270.7667236328125
2021-03-26,ŚLĄSKIE,279.0,269.22674560546875
2021-03-27,ŚLĄSKIE,279.0,279.4954528808594
2021-03-28,ŚLĄSKIE,291.0,283.8275451660156
2021-03-29,ŚLĄSKIE,310.0,294.95465087890625
2021-03-30,ŚLĄSKIE,304.0,292.5560607910156
2021-03-31,ŚLĄSKIE,365.0,306.79156494140625
2021-04-01,ŚLĄSKIE,375.0,312.5450744628906
2021-04-02,ŚLĄSKIE,382.0,301.1167907714844
2021-04-03,ŚLĄSKIE,385.0,322.66796875
2021-04-04,ŚLĄSKIE,377.0,320.7137451171875
2021-04-05,ŚLĄSKIE,392.0,321.7679138183594
2021-04-06,ŚLĄSKIE,398.0,297.6589660644531
2021-04-07,ŚLĄSKIE,411.0,307.845458984375
2021-04-08,ŚLĄSKIE,416.0,292.20361328125
2021-04-09,ŚLĄSKIE,406.0,304.625
2021-04-10,ŚLĄSKIE,417.0,305.9443359375
2021-04-11,ŚLĄSKIE,440.0,273.0421447753906
2021-04-12,ŚLĄSKIE,454.0,304.488037109375
2021-04-13,ŚLĄSKIE,467.0,379.3611755371094
2021-04-14,ŚLĄSKIE,454.0,302.9703369140625
2021-04-15,ŚLĄSKIE,465.0,266.16961669921875
2021-04-16,ŚLĄSKIE,448.0,275.6678771972656
2021-04-17,ŚLĄSKIE,447.0,259.5419006347656
2021-04-18,ŚLĄSKIE,445.0,267.4830322265625
2021-04-19,ŚLĄSKIE,430.0,240.57875061035156
2021-03-21,ŚWIĘTOKRZYSKIE,129.0,119.53352355957031
2021-03-22,ŚWIĘTOKRZYSKIE,123.0,126.43614196777344
2021-03-23,ŚWIĘTOKRZYSKIE,127.0,126.94824981689453
2021-03-24,ŚWIĘTOKRZYSKIE,127.0,129.37533569335938
2021-03-25,ŚWIĘTOKRZYSKIE,124.0,134.2244110107422
2021-03-26,ŚWIĘTOKRZYSKIE,131.0,135.98171997070312
2021-03-27,ŚWIĘTOKRZYSKIE,143.0,136.37701416015625
2021-03-28,ŚWIĘTOKRZYSKIE,146.0,143.89378356933594
2021-03-29,ŚWIĘTOKRZYSKIE,155.0,142.86228942871094
2021-03-30,ŚWIĘTOKRZYSKIE,160.0,146.9838409423828
2021-03-31,ŚWIĘTOKRZYSKIE,152.0,150.76736450195312
2021-04-01,ŚWIĘTOKRZYSKIE,160.0,152.7030792236328
2021-04-02,ŚWIĘTOKRZYSKIE,162.0,157.54251098632812
2021-04-03,ŚWIĘTOKRZYSKIE,156.0,166.4268798828125
2021-04-04,ŚWIĘTOKRZYSKIE,154.0,167.9264678955078
2021-04-05,ŚWIĘTOKRZYSKIE,157.0,166.78146362304688
2021-04-06,ŚWIĘTOKRZYSKIE,162.0,166.39256286621094
2021-04-07,ŚWIĘTOKRZYSKIE,164.0,172.72763061523438
2021-04-08,ŚWIĘTOKRZYSKIE,170.0,178.91566467285156
2021-04-09,ŚWIĘTOKRZYSKIE,162.0,176.95997619628906
2021-04-10,ŚWIĘTOKRZYSKIE,159.0,190.747314453125
2021-04-11,ŚWIĘTOKRZYSKIE,164.0,166.80726623535156
2021-04-12,ŚWIĘTOKRZYSKIE,164.0,209.97935485839844
2021-04-13,ŚWIĘTOKRZYSKIE,157.0,235.2099151611328
2021-04-14,ŚWIĘTOKRZYSKIE,155.0,182.1538543701172
2021-04-15,ŚWIĘTOKRZYSKIE,152.0,159.2136993408203
2021-04-16,ŚWIĘTOKRZYSKIE,148.0,150.55703735351562
2021-04-17,ŚWIĘTOKRZYSKIE,153.0,153.73214721679688
2021-04-18,ŚWIĘTOKRZYSKIE,157.0,146.9484100341797
2021-04-19,ŚWIĘTOKRZYSKIE,158.0,135.54180908203125
2021-03-21,ŚŚ_Gaus_Noise,151.9369324693809,147.21160888671875
2021-03-22,ŚŚ_Gaus_Noise,166.6717358670262,155.646728515625
2021-03-23,ŚŚ_Gaus_Noise,157.31342836687148,157.19290161132812
2021-03-24,ŚŚ_Gaus_Noise,157.88692563204302,158.35263061523438
2021-03-25,ŚŚ_Gaus_Noise,172.95886720117355,163.94468688964844
2021-03-26,ŚŚ_Gaus_Noise,172.1902160587743,161.1725616455078
2021-03-27,ŚŚ_Gaus_Noise,195.9781558816919,163.71719360351562
2021-03-28,ŚŚ_Gaus_Noise,188.35207750971657,168.89419555664062
2021-03-29,ŚŚ_Gaus_Noise,200.4233014702177,173.8963165283203
2021-03-30,ŚŚ_Gaus_Noise,189.93162169262143,176.1185760498047
2021-03-31,ŚŚ_Gaus_Noise,200.0980489396864,180.3723907470703
2021-04-01,ŚŚ_Gaus_Noise,192.41516838946194,181.984130859375
2021-04-02,ŚŚ_Gaus_Noise,198.5960817591883,174.9925994873047
2021-04-03,ŚŚ_Gaus_Noise,192.88476257014537,194.1631317138672
2021-04-04,ŚŚ_Gaus_Noise,207.59488636715943,186.1285858154297
2021-04-05,ŚŚ_Gaus_Noise,200.62381182496733,189.36083984375
2021-04-06,ŚŚ_Gaus_Noise,202.95909699606278,184.89248657226562
2021-04-07,ŚŚ_Gaus_Noise,205.8283389641113,184.40927124023438
2021-04-08,ŚŚ_Gaus_Noise,209.87834824925355,173.98155212402344
2021-04-09,ŚŚ_Gaus_Noise,203.46609806950673,183.03880310058594
2021-04-10,ŚŚ_Gaus_Noise,218.67206193178075,184.24600219726562
2021-04-11,ŚŚ_Gaus_Noise,216.59801189892553,161.1022186279297
2021-04-12,ŚŚ_Gaus_Noise,221.78790004096908,184.6197967529297
2021-04-13,ŚŚ_Gaus_Noise,217.64239401554624,221.36679077148438
2021-04-14,ŚŚ_Gaus_Noise,217.37080199055114,183.3307647705078
2021-04-15,ŚŚ_Gaus_Noise,217.9958252116578,163.82069396972656
2021-04-16,ŚŚ_Gaus_Noise,205.78267236683558,172.8000946044922
2021-04-17,ŚŚ_Gaus_Noise,205.48614911942022,156.63204956054688
2021-04-18,ŚŚ_Gaus_Noise,219.17751898412683,159.75010681152344
2021-04-19,ŚŚ_Gaus_Noise,210.72101274842782,147.79940795898438
2021-03-21,ŚŚ_average,151.25,150.8280029296875
2021-03-22,ŚŚ_average,157.0,157.31884765625
2021-03-23,ŚŚ_average,158.875,158.24436950683594
2021-03-24,ŚŚ_average,164.625,161.39169311523438
2021-03-25,ŚŚ_average,170.625,166.28968811035156
2021-03-26,ŚŚ_average,175.625,165.24917602539062
2021-03-27,ŚŚ_average,179.8125,168.549072265625
2021-03-28,ŚŚ_average,186.5625,170.14984130859375
2021-03-29,ŚŚ_average,190.3125,178.1872100830078
2021-03-30,ŚŚ_average,191.4375,175.26133728027344
2021-03-31,ŚŚ_average,196.375,183.74813842773438
2021-04-01,ŚŚ_average,197.5,186.70980834960938
2021-04-02,ŚŚ_average,200.5625,181.61663818359375
2021-04-03,ŚŚ_average,200.625,193.22462463378906
2021-04-04,ŚŚ_average,203.125,191.56956481933594
2021-04-05,ŚŚ_average,206.25,194.33497619628906
2021-04-06,ŚŚ_average,208.875,182.4708251953125
2021-04-07,ŚŚ_average,210.125,187.92852783203125
2021-04-08,ŚŚ_average,211.375,178.0162353515625
2021-04-09,ŚŚ_average,211.125,186.55857849121094
2021-04-10,ŚŚ_average,216.0,188.66436767578125
2021-04-11,ŚŚ_average,218.25,167.27943420410156
2021-04-12,ŚŚ_average,219.5625,191.52517700195312
2021-04-13,ŚŚ_average,216.625,231.93431091308594
2021-04-14,ŚŚ_average,215.25,189.02647399902344
2021-04-15,ŚŚ_average,214.875,171.1040802001953
2021-04-16,ŚŚ_average,210.75,171.2672576904297
2021-04-17,ŚŚ_average,209.8125,162.19314575195312
2021-04-18,ŚŚ_average,209.125,167.4593048095703
2021-04-19,ŚŚ_average,205.625,152.42498779296875
2021-03-21,ŚŚ_weighted_average,187.32299689838428,187.3263397216797
2021-03-22,ŚŚ_weighted_average,195.6635855811241,195.81932067871094
2021-03-23,ŚŚ_weighted_average,200.37775768359066,197.2052001953125
2021-03-24,ŚŚ_weighted_average,208.16029067460198,201.34002685546875
2021-03-25,ŚŚ_weighted_average,218.2541407851313,207.4711456298828
2021-03-26,ŚŚ_weighted_average,223.02362704889842,206.6744384765625
2021-03-27,ŚŚ_weighted_average,227.96062314837857,210.99050903320312
2021-03-28,ŚŚ_weighted_average,237.03631957896727,213.302978515625
2021-03-29,ŚŚ_weighted_average,244.4027556931041,223.28665161132812
2021-03-30,ŚŚ_weighted_average,244.1265844689528,220.3386993408203
2021-03-31,ŚŚ_weighted_average,251.7102129362031,230.873779296875
2021-04-01,ŚŚ_weighted_average,253.97398746764677,235.6085205078125
2021-04-02,ŚŚ_weighted_average,257.0516047958845,228.2638397216797
2021-04-03,ŚŚ_weighted_average,258.0422612333263,243.00828552246094
2021-04-04,ŚŚ_weighted_average,260.43861928391675,241.37347412109375
2021-04-05,ŚŚ_weighted_average,263.4486779626256,245.41278076171875
2021-04-06,ŚŚ_weighted_average,267.1296082107673,229.96145629882812
2021-04-07,ŚŚ_weighted_average,269.46010538740285,236.3223419189453
2021-04-08,ŚŚ_weighted_average,273.13780330950175,224.5513458251953
2021-04-09,ŚŚ_weighted_average,274.06419256487635,235.1593475341797
2021-04-10,ŚŚ_weighted_average,279.7920628620653,238.16598510742188
2021-04-11,ŚŚ_weighted_average,283.2440270554014,210.75338745117188
2021-04-12,ŚŚ_weighted_average,284.6824065690641,241.83737182617188
2021-04-13,ŚŚ_weighted_average,284.4291053575977,292.93292236328125
2021-04-14,ŚŚ_weighted_average,281.3868960228204,237.07008361816406
2021-04-15,ŚŚ_weighted_average,281.1659743994253,214.12969970703125
2021-04-16,ŚŚ_weighted_average,275.7849233725219,214.4916534423828
2021-04-17,ŚŚ_weighted_average,273.85414420855966,202.62237548828125
2021-04-18,ŚŚ_weighted_average,273.3185065275452,209.6874237060547
2021-04-19,ŚŚ_weighted_average,267.9483015939316,190.21714782714844
