,,,,,,,,,,,,,,,,,,,,,,,,,,,,,,,,,,,,,,,,,,,,,,,,,,,,,,,,,,,,,,,,,,,,,,,,,,,,,,,,,,,,,,,,,,,,,,,,,,,,,,,,,,,,,,,,,,,,,,,,,,,,,,,,,,,,,,,,,,
,,,,,,,,,,,,,,,,,,,,,,,,,,,,,,,,,,,,,,,,,,,,,,,,,,,,,,,,,,,,,,,,,,,,,,,,,,,,,,,,,,,,,,,,,,,,,,,,,,,,,,,,,,,,,,,,,,,,,,,,,,,,,,,,,,,,,,,,,,
,,Dobowa liczba przebadanych próbek w województwach od 24.12.2020,,,,,,,,,,,,,,,,,,,,,,,,,,,,,,,,,,,,,,,,,,,,,,,,,,,,,,,,,,,,,,,,,,,,,,,,,,,,,,,,,,,,,,,,,,,,,,,,,,,,,,,,,,,,,,,,,,,,,,,,,,,,,,,,,,,,,,,,
Dobowa liczba przebadanych próbek w województwach od 24.12.2020,Województwo,24.11,25.11,26.11,27.11,28.11,29.11,30.11,01.12,02.12,03.12,04.12,05.12,06.12,07.12,08.12,09.12,10.12,11.12,12.12,13.12,14.12,15.12,16.12,17.12,18.12,19.12,20.12,21.12,22.12,23.12,24.12,25.12,26.12,27.12,28.12,29.12,30.12,31.12,01.01,02.01,03.01,04.01,05.01,06.01,07.01,08.01,09.01,10.01,11.01,12.01,13.01,14.01,15.01,16.01,17.01,18.01,19.01,20.01,21.01,22.01,23.01,24.01,25.01,26.01,27.01,28.01,29.01,30.01,31.01,01.02,02.02,03.02,04.02,05.02,06.02,07.02,08.02,09.02,10.02,11.02,12.02,13.02,14.02,15.02,16.02,17.02,18.02,19.02,20.02,21.02,22.02,23.02,24.02,25.02,26.02,27.02,28.02,01.03,02.03,03.03,04.03,05.03,06.03,07.03,08.03,09.03,10.03,11.03,12.03,13.03,14.03,15.03,16.03,17.03,18.03,19.03,20.03,21.03,22.03,23.03,24.03,25.03,26.03,27.03,28.03,29.03,30.03,31.03,01.04,02.04,03.04,04.04,05.04,06.04,07.04,08.04,09.04
,Dolnośląskie,4 161,3 671,4 439,4 971,5 432,2 465,1 607,3 692,3 445,3 498,4 303,3 966,2 224,1 244,3 098,3 881,4 240,4 080,3 691,2 322,1 751,3 548,3 567,3 397,3 073,2 947,2 215,1 573,2 942,3 612,3 379,1 967,1 060,692,1 047,3 336,3 691,3 970,4 245,1 436,1 844,998,3 780,3 751,3 139,3 276,3 471,2 162,1 341,3 562,5 115,4 922,5 290,5 196,3 444,1 593,4 774,3 448,3 701,3 902,3 675,1 961,1 774,3 981,3 845,4 572,3 625,3 003,2 295,1 472,3 652,3 419,3 215,2 732,2 742,2 415,936,2 798,3 093,3 174,3 456,3 418,1 997,1 098,3 166,3 755,3 907,3 472,3 168,1 950,1 421,2 899,4 225,4 220,3 908,3 919,2 942,2 079,3 772,4 098,4 561,3 828,4 728,2 829,1 725,3 773,4 229,4 843,4 685,5 441,4 151,3 090,4 368,5 598,6 536,6 584,6 853,4 238,3 419,5 513,7 014,7 300,7 879,7 332,5 641,4 558,7 065,7 541,8 761,9 099,7 487,5 983,2 976,2 487,6 568,7 435,8 598
,Kujawsko-Pomorskie,2 691,4 925,4 275,4 511,3 924,2 040,1 395,4 798,4 108,11 899,4 551,13 265,2 154,1 242,4 498,4 122,4 718,3 765,5 104,2 538,1 620,3 442,3 989,4 161,3 935,4 005,2 468,1 630,3 404,3 964,4 649,2 225,1 382,1 210,1 157,3 187,3 948,4 579,3 201,1 586,2 283,1 584,4 050,4 745,2 957,4 469,4 241,3 001,1 701,3 642,4 753,4 946,4 597,4 011,3 338,1 144,3 264,2 777,3 110,2 820,3 017,2 125,1 298,2 806,3 131,3 129,3 043,3 102,1 902,1 304,3 518,2 867,3 273,2 853,2 897,1 916,1 167,3 165,3 251,2 877,3 206,3 222,2 175,1 426,2 989,3 153,3 556,3 025,3 114,2 118,1 370,2 928,3 623,3 594,3 602,3 896,2 233,1 873,3 012,3 684,3 863,3 613,3 660,2 816,1 745,3 538,3 817,4 615,3 859,4 487,2 861,2 344,4 252,4 549,4 729,5 473,5 214,3 559,2 385,4 299,4 466,6 428,6 383,5 910,5 354,2 765,4 941,5 375,5 695,5 059,4 983,3 511,1 813,2 115,4 481,6 174,5 213
,Lubelskie,2 280,2 803,3 098,2 898,3 081,1 925,967,2 332,2 840,2 851,2 480,2 720,1 301,877,2 528,2 761,2 635,2 600,2 930,1 335,971,2 163,2 838,2 609,2 226,2 365,1 228,1 146,2 291,2 447,2 282,1 483,1 016,611,898,2 232,2 544,2 257,1 718,1 185,1 098,1 162,2 449,2 723,1 638,2 280,2 451,1 828,971,2 834,3 954,3 749,3 395,3 301,2 614,787,3 036,2 222,2 125,1 874,2 132,1 521,828,2 226,2 227,2 194,2 624,2 117,1 480,848,2 169,2 359,1 929,2 099,2 126,1 360,1 266,2 052,2 486,2 325,2 392,2 248,1 661,896,2 284,2 501,2 388,2 424,2 232,1 628,946,1 971,2 944,2 548,2 289,2 690,1 649,931,2 789,2 687,2 528,2 371,2 672,1 864,1 799,3 138,3 241,2 867,3 193,3 169,2 170,1 302,3 315,3 514,3 814,3 557,3 390,2 529,1 386,3 420,3 838,4 110,3 918,3 953,3 069,1 878,4 003,3 860,4 504,3 999,3 879,2 235,1 217,1 576,4 763,4 689,4 813
,Lubuskie,1 084,1 608,1 576,1 568,1 638,971,838,1 093,1 352,1 410,1 615,1 384,1 043,611,1 337,1 237,1 489,1 591,1 592,996,827,1 313,1 336,1 180,1 567,1 454,1 038,1 130,984,1 397,1 304,995,383,345,371,1 296,1 472,1 534,1 308,582,773,571,892,1 691,1 126,1 416,1 678,1 265,824,1 365,2 094,2 065,1 802,2 114,1 724,719,1 303,1 279,1 198,1 346,998,806,664,1 069,1 239,1 248,1 136,1 159,958,521,1 052,1 329,1 240,1 167,1 174,837,578,1 087,1 794,1 340,1 543,1 549,884,621,1 542,1 628,1 775,1 524,1 400,1 097,853,1 054,1 771,1 738,1 774,1 671,1 503,687,1 370,1 686,1 672,1 821,2 088,1 402,1 070,1 596,1 997,2 058,2 133,2 193,1 579,1 329,1 571,2 185,2 065,2 291,2 366,1 896,2 081,2 429,2 836,3 012,2 998,2 817,2 342,2 180,2 173,2 518,2 649,2 640,2 751,1 870,1 177,2 006,2 699,2 762,2 886
,Łódzkie,3 067,3 813,4 195,4 490,3 670,2 768,1 873,3 770,4 266,3 646,3 906,4 115,2 616,1 152,3 606,3 835,3 922,3 533,3 358,2 422,1 485,3 195,4 051,3 625,3 379,3 528,1 970,1 139,2 687,3 519,3 741,2 570,1 148,1 196,1 126,3 456,3 462,3 162,2 842,2 299,1 818,1 635,3 321,4 661,2 988,3 357,4 098,2 736,1 587,3 660,5 173,5 533,4 857,4 388,2 750,1 097,2 923,3 219,3 502,2 668,2 956,1 983,1 097,2 830,3 368,3 087,2 517,2 844,1 868,1 278,3 229,3 190,2 884,2 976,3 014,1 903,1 077,2 993,3 410,3 158,2 571,3 124,1 982,1 206,3 260,3 441,2 955,3 221,3 176,2 013,1 343,2 977,4 038,3 477,3 121,3 643,2 024,1 453,3 449,4 289,3 999,3 421,3 929,3 006,1 543,4 069,4 568,4 728,3 747,4 646,2 946,2 166,4 850,5 379,4 793,5 144,5 327,3 802,3 285,5 167,6 415,6 857,6 997,6 319,5 072,3 045,5 965,6 907,7 240,6 360,5 558,4 324,2 916,2 280,6 140,7 329,7 485
,Małopolskie,3 614,4 999,4 567,5 229,4 503,2 781,2 501,3 931,4 744,4 591,4 884,4 438,2 445,1 620,3 601,3 382,2 958,2 419,2 417,2 032,1 315,2 099,3 030,2 506,2 589,2 718,1 713,1 394,2 071,3 346,2 959,1 436,1 348,843,1 182,2 019,3 090,2 761,2 237,1 449,1 669,1 699,2 436,3 608,2 360,2 772,3 335,2 307,1 695,3 021,4 693,4 429,4 310,4 255,2 955,1 584,2 482,2 831,2 696,2 460,2 689,1 899,1 325,2 421,2 834,2 662,2 613,2 704,2 016,1 374,2 462,3 010,2 641,2 255,2 364,1 890,1 211,2 659,3 147,3 413,2 884,3 202,2 271,1 520,2 986,3 690,3 169,3 557,3 341,2 669,1 833,2 528,4 098,3 905,3 482,3 657,3 338,1 863,3 350,4 598,3 975,3 957,4 507,3 603,2 500,3 678,4 971,4 674,4 276,5 426,4 327,2 853,4 327,5 691,6 072,5 464,6 126,4 595,3 689,4 144,6 853,7 695,7 488,7 460,6 011,4 350,5 560,7 817,8 240,7 595,7 011,5 421,3 667,4 448,8 213,10 001,7 618
,Mazowieckie,5 979,6 598,7 510,9 800,10 696,5 668,3 350,4 964,8 409,7 767,9 037,10 354,5 091,3 701,7 317,7 233,8 053,9 376,8 933,6 124,3 503,6 677,8 381,7 016,7 383,7 845,5 352,3 423,5 782,7 737,10 132,5 743,3 121,2 361,2 343,7 011,7 768,8 190,6 372,3 946,3 888,4 118,5 590,7 619,6 506,6 853,7 310,6 267,3 407,6 480,9 772,12 754,11 188,11 484,8 852,5 514,6 417,7 027,6 362,6 234,6 715,4 749,2 977,5 458,6 798,6 747,7 269,6 856,5 309,3 502,5 207,6 973,6 441,6 024,6 109,4 769,3 155,5 750,7 766,8 109,8 019,8 393,5 230,3 271,5 959,7 786,8 680,7 288,7 567,6 118,3 843,5 625,8 800,9 691,8 040,9 261,7 214,4 646,7 252,9 867,9 993,9 618,9 478,9 153,5 186,7 923,9 513,12 988,9 733,12 022,11 339,8 490,9 760,13 551,14 702,13 857,15 253,11 144,8 282,12 027,14 615,17 371,16 070,16 972,14 013,9 553,12 988,15 432,17 426,16 432,15 230,12 357,4 863,7 552,10 287,15 257,15 120
,Opolskie,1 390,1 380,1 530,1 491,1 433,1 052,574,1 401,883,1 440,1 346,1 263,1 034,482,976,1 055,1 403,1 187,1 318,642,668,806,1 273,1 130,1 259,1 127,922,541,596,1 003,1 207,738,331,429,360,846,1 061,1 317,872,638,676,454,1 090,1 167,1 112,827,1 280,947,662,1 005,1 382,1 738,1 874,1 506,1 515,1 014,1 036,910,1 219,931,1 007,877,503,941,865,1 071,1 049,781,758,496,893,1 026,1 104,917,954,806,563,1 075,863,1 367,808,1 376,906,573,1 177,1 234,1 329,1 060,1 118,966,724,1 047,1 302,1 222,984,1 169,990,786,1 199,1 298,1 266,1 184,1 019,1 133,863,1 178,1 268,1 288,1 398,1 382,1 306,1 137,1 254,1 555,1 826,1 791,1 488,1 741,1 416,1 666,1 767,2 171,2 199,1 973,2 112,1 421,1 480,1 981,2 355,2 394,1 860,1 661,1 185,2 001,3 194,2 930,2 638
,Podkarpackie,2 377,2 201,2 435,2 514,2 315,1 106,803,2 035,2 132,1 873,1 779,1 494,1 119,1 039,2 276,1 789,2 050,1 850,2 368,1 476,1 705,3 207,1 960,1 854,1 723,1 767,844,1 183,1 942,1 597,1 871,1 158,704,553,653,1 324,1 690,1 838,1 690,1 110,880,923,2 009,2 910,2 664,2 338,2 498,1 593,1 305,1 777,3 436,3 232,3 332,2 656,2 008,683,1 976,2 145,1 815,1 705,1 807,1 452,719,1 718,1 972,1 925,1 789,1 640,1 064,1 465,1 950,2 050,1 868,1 930,1 946,1 336,1 098,2 120,2 673,2 555,2 202,1 879,1 435,1 279,2 625,3 013,2 636,2 152,2 151,1 374,1 828,1 780,3 053,2 836,2 927,2 726,1 996,1 398,3 092,2 834,3 122,3 011,2 799,2 431,1 539,2 820,3 472,3 842,3 283,2 804,3 573,1 824,4 116,4 769,4 963,4 621,4 225,3 181,2 124,3 410,5 015,5 046,4 543,4 368,3 491,2 032,3 468,4 102,4 235,4 217,3 535,2 457,1 636,1 798,3 606,4 606,4 157
,Podlaskie,1 236,1 236,1 223,1 472,1 560,881,404,966,1 382,1 187,1 281,1 228,809,457,1 125,1 220,1 342,1 392,1 496,837,436,1 194,1 476,1 195,1 113,1 205,828,410,946,1 277,1 290,727,410,379,356,1 030,1 357,1 169,1 227,598,657,388,1 078,1 562,838,1 229,1 435,866,442,1 385,2 391,2 088,1 836,1 563,776,398,1 246,1 196,981,1 181,1 245,601,451,1 036,1 414,1 006,1 247,1 254,757,465,1 016,1 268,1 254,1 010,1 037,640,495,1 061,1 445,1 260,1 269,1 254,764,434,1 143,1 464,1 380,1 155,1 467,816,490,1 023,1 793,1 404,1 425,1 493,926,490,1 322,1 610,1 559,1 394,1 588,860,613,1 411,1 929,1 585,1 576,1 524,981,702,1 362,2 084,1 732,1 647,1 885,1 062,683,1 506,2 169,1 922,1 999,1 984,1 260,816,1 576,2 169,1 966,1 859,1 732,1 194,674,646,1 805,2 276,2 286
,Pomorskie,3 711,3 486,3 486,4 799,4 037,3 224,1 886,2 420,3 999,4 621,3 720,4 082,3 251,1 668,2 949,3 473,3 638,4 039,3 543,3 634,1 769,2 808,3 468,4 008,3 154,4 112,3 200,1 912,2 980,4 151,4 146,2 704,1 583,1 717,2 114,2 690,4 343,3 955,4 051,2 465,2 795,2 643,3 136,4 040,3 622,4 229,4 597,4 140,2 401,3 130,4 826,6 242,5 658,5 190,4 613,2 845,2 712,3 192,3 346,3 874,2 905,2 310,1 787,2 682,3 461,3 466,3 000,3 562,2 560,1 789,2 254,3 605,3 007,2 322,2 390,2 454,2 084,2 952,3 425,3 700,3 457,3 174,3 277,2 288,2 501,3 534,3 514,3 157,3 818,3 393,2 170,2 916,3 987,3 836,3 828,4 324,3 734,2 285,2 964,4 745,4 699,4 256,5 079,3 560,2 974,3 154,4 570,4 944,4 846,4 576,4 713,3 470,3 618,6 176,4 993,5 388,5 418,4 019,3 988,3 805,5 580,5 707,7 971,6 711,5 899,3 526,4 381,5 532,6 074,6 089,6 889,4 933,2 443,2 920,7 607,7 026,5 969
,Śląskie,4 738,6 163,6 239,6 865,5 708,3 161,1 851,4 770,5 839,5 921,5 945,5 462,3 215,1 562,4 583,5 764,5 339,4 994,4 905,2 769,1 722,4 169,5 942,4 965,4 665,4 135,2 807,1 561,4 222,5 387,4 273,2 624,1 522,1 452,1 687,4 198,5 170,4 565,3 814,1 874,1 837,2 056,4 971,6 374,3 897,4 186,4 890,3 246,1 877,5 290,7 431,8 079,7 184,7 365,4 991,2 195,3 949,5 017,4 528,4 160,3 870,2 279,1 981,4 033,4 634,4 659,4 120,4 039,2 308,1 699,3 933,4 642,4 155,4 106,4 142,2 416,1 858,4 451,5 849,5 162,4 724,4 123,2 859,2 026,4 464,5 627,5 866,4 821,4 846,2 942,2 238,3 786,6 841,5 437,4 868,5 433,3 734,2 206,4 665,6 920,6 281,6 335,5 611,4 693,2 966,5 508,8 278,7 768,7 285,8 352,6 318,4 134,6 847,10 541,9 755,10 395,9 795,8 533,5 403,7 071,11 878,12 946,13 200,12 661,10 678,6 600,8 906,14 935,14 840,12 200,11 512,9 321,5 081,5 155,9 142,14 886,14 347
,Świętokrzyskie,1 381,1 289,1 608,1 506,1 296,1 092,671,1 234,1 561,1 461,1 309,1 162,1 032,634,1 438,1 302,1 315,1 351,1 698,1 070,941,1 868,1 548,1 396,1 119,998,794,693,1 119,1 065,1 008,578,636,458,453,1 063,1 086,1 350,1 302,863,771,688,1 145,1 554,1 049,1 066,1 562,1 072,746,1 389,2 566,2 608,2 047,2 398,1 625,853,1 466,1 515,1 245,1 263,1 033,950,619,1 211,1 397,1 358,1 267,1 400,908,684,1 176,1 269,1 089,1 263,1 279,982,823,1 167,1 332,1 647,1 455,1 391,909,763,1 308,1 421,1 507,1 529,1 429,961,855,1 353,1 972,1 844,1 660,1 678,1 030,1 019,1 608,1 608,2 054,1 679,1 646,1 313,948,1 636,1 860,2 342,1 765,2 265,1 665,1 233,2 064,2 355,2 819,2 412,2 714,1 658,1 569,3 219,3 065,3 280,2 813,3 123,2 536,2 240,2 394,2 818,2 941,2 830,2 855,1 886,1 312,1 226,2 367,3 185,2 754
,Warmińsko-Mazurskie,1 866,2 348,2 871,2 838,2 641,1 494,875,2 045,2 298,2 865,2 801,2 493,1 631,729,2 376,2 201,2 614,3 289,2 598,1 956,1 432,2 602,2 568,2 806,2 584,2 115,1 487,640,2 300,2 420,2 366,1 611,748,686,694,2 487,3 102,2 714,2 365,915,1 123,727,2 161,2 730,1 747,2 067,2 630,1 384,872,3 075,3 464,4 036,3 073,2 970,1 710,746,1 920,2 087,1 905,1 942,1 628,770,570,1 860,1 825,1 812,1 869,1 516,941,571,2 010,1 770,1 851,1 629,1 646,919,528,2 674,2 576,2 606,1 877,2 005,904,751,2 837,2 756,2 257,2 147,2 201,1 178,646,2 213,2 834,2 284,2 418,2 550,1 612,748,2 613,3 015,2 425,2 795,2 909,1 882,836,2 638,3 484,2 761,2 918,2 890,2 039,902,2 894,3 084,2 954,3 015,2 806,1 790,1 094,3 064,3 766,3 200,3 242,2 673,2 643,871,2 818,3 371,3 142,2 551,2 682,1 744,756,866,3 069,3 084,3 381
,Wielkopolskie,2 782,4 346,4 648,5 620,5 426,4 270,1 773,3 196,4 637,5 785,4 565,4 845,3 955,1 685,3 400,4 466,5 445,4 999,4 172,3 745,1 719,3 572,4 720,5 327,4 146,4 772,3 686,1 646,2 826,4 680,5 464,3 652,2 127,1 732,1 537,3 335,5 067,5 048,3 914,3 063,2 964,1 680,4 035,5 366,4 909,4 259,5 235,4 009,2 148,4 217,5 829,6 753,5 743,5 779,5 632,1 488,3 982,4 366,3 858,3 839,3 717,2 767,1 656,3 700,3 718,3 874,3 983,3 813,2 965,1 447,3 247,3 865,3 477,3 908,3 970,2 826,1 647,3 182,4 367,4 380,3 966,3 798,2 923,1 717,3 362,4 517,4 011,4 070,3 668,3 426,1 475,3 249,4 803,4 222,3 930,4 458,3 765,1 675,3 459,4 914,5 036,4 504,4 598,4 161,2 491,3 673,5 297,5 513,5 284,6 237,4 787,3 372,4 267,6 640,7 847,7 624,8 041,5 590,4 086,5 379,8 936,8 502,10 778,8 274,9 324,4 575,5 835,9 737,10 511,9 480,8 042,6 780,4 007,3 409,7 384,9 313,9 970
,Zachodniopomorskie,1 841,3 049,2 966,2 751,2 622,2 483,1 594,1 607,2 622,3 194,2 936,3 114,2 528,1 738,1 940,3 032,2 957,3 269,3 334,2 066,1 976,2 181,3 056,3 165,3 030,2 916,2 342,2 561,1 638,3 159,2 861,2 568,1 375,916,1 138,2 692,2 867,2 594,2 543,1 529,1 730,1 794,2 251,3 126,3 323,2 138,3 304,2 649,1 954,2 601,4 066,4 356,4 153,3 184,2 990,1 449,2 498,2 648,2 546,2 436,2 321,1 512,925,2 109,2 257,2 278,2 125,2 116,1 544,1 133,2 132,2 161,2 255,1 887,1 908,1 440,1 034,2 315,2 277,2 135,2 191,2 191,1 469,1 035,2 195,2 429,2 440,1 857,2 274,1 542,995,2 022,2 615,2 384,2 064,2 332,1 863,1 086,1 846,2 968,2 577,2 067,2 452,1 802,1 139,2 111,2 650,3 301,2 858,2 497,1 907,1 534,2 491,3 311,2 917,3 320,3 014,2 210,2 178,2 273,3 828,3 734,3 973,3 827,3 044,2 256,3 376,4 449,4 107,3 813,3 284,2 608,1 371,1 810,3 888,3 608,4 432
,,44 198,53 915,56 666,63 323,59 982,37 381,22 962,44 254,54 517,64 009,56 458,65 385,35 448,20 441,47 048,50 753,54 118,53 734,53 457,35 964,23 840,44 844,53 203,50 340,46 945,48 009,32 894,22 582,38 730,50 761,52 932,32 779,18 894,15 580,17 116,42 202,51 718,51 003,43 701,25 538,26 806,23 120,44 394,57 627,43 875,46 762,54 015,39 472,23 933,48 433,70 945,77 530,70 339,67 360,51 537,24 109,44 984,45 879,44 137,42 635,41 715,28 562,19 174,40 081,44 985,45 088,43 276,41 906,29 633,20 048,39 900,44 803,41 683,39 078,39 698,28 909,19 520,41 501,49 754,49 208,46 020,46 347,31 646,20 904,43 798,51 949,51 370,46 459,46 970,34 191,23 030,39 371,58 699,54 642,50 320,54 900,40 553,25 225,47 762,60 821,59 610,55 854,58 763,46 508,29 937,51 844,65 144,70 117,62 839,69 911,56 662,39 882,61 356,80 982,82 517,82 583,83 915,61 547,47 068,68 392,92 041,99 281,102 451,96 357,82 489,52 666,76 929,98 544,104 686,96 617,89 290,68 285,37 094,42 295,85 213,104 561,101 667
,,,,,,,,,,,,,,,,,,,,,,,,,,,,,,,,,,,,,,,,,,,,,,,,,,,,,,,,,,,,,,,,,,,,,,,,,,,,,,,,,,,,,,,,,,,,,,,,,,,,,,,,,,,,,,,,,,,,,,,,,,,,,,,,,,,,,,,,,,
,, Dobowa liczba wyników pozytwynych w województwach od 24.12.2020,,,,,,,,,,,,,,,,,,,,,,,,,,,,,,,,,,,,,,,,,,,,,,,,,,,,,,,,,,,,,,,,,,,,,,,,,,,,,,,,,,,,,,,,,,,,,,,,,,,,,,,,,,,,,,,,,,,,,,,,,,,,,,,,,,,,,,,,
 Dobowa liczba wyników pozytwynych w województwach od 24.12.2020,Województwo,24.11,25.11,26.11,27.11,28.11,29.11,30.11,01.12,02.12,03.12,04.12,05.12,06.12,07.12,08.12,09.12,10.12,11.12,12.12,13.12,14.12,15.12,16.12,17.12,18.12,19.12,20.12,21.12,22.12,23.12,24.12,25.12,26.12,27.12,28.12,29.12,30.12,31.12,01.01,02.01,03.01,04.01,05.01,06.01,07.01,08.01,09.01,10.01,11.01,12.01,13.01,14.01,15.01,16.01,17.01,18.01,19.01,20.01,21.01,22.01,23.01,24.01,25.01,26.01,27.01,28.01,29.01,30.01,31.01,01.02,02.02,03.02,04.02,05.02,06.02,07.02,08.02,09.02,10.02,11.02,12.02,13.02,14.02,15.02,16.02,17.02,18.02,19.02,20.02,21.02,22.02,23.02,24.02,25.02,26.02,27.02,28.02,01.03,02.03,03.03,04.03,05.03,06.03,07.03,08.03,09.03,10.03,11.03,12.03,13.03,14.03,15.03,16.03,17.03,18.03,19.03,20.03,21.03,22.03,23.03,24.03,25.03,26.03,27.03,28.03,29.03,30.03,31.03,01.04,02.04,03.04,04.04,05.04,06.04,07.04,08.04,09.04
,Dolnośląskie,1035,825,1112,1318,1481,781,445,717,844,844,828,920,476,287,566,813,985,797,698,498,258,519,629,681,691,593,486,206,409,588,742,474,219,153,109,405,674,804,647,344,246,115,481,599,627,461,514,459,227,339,452,463,477,378,302,156,311,336,567,366,414,251,179,312,343,527,386,338,303,202,236,392,388,313,329,244,111,206,271,396,399,404,265,167,258,432,544,554,547,420,254,348,642,854,849,799,662,352,434,782,1174,1093,1233,909,449,681,1047,1502,1407,1687,1263,939,936,1672,2371,2144,2226,1693,1215,1307,2328,2680,2876,2709,2207,1887,2110,2826,3309,3074,2695,2320,986,591,1434,2299,2872
,Kujawsko-Pomorskie,521,1321,1207,1368,1004,623,297,1214,1240,1354,1081,1091,718,351,690,1101,1404,1002,1083,756,531,750,1181,1138,1050,1114,788,480,768,1204,1311,767,472,326,302,720,1106,1517,967,471,673,484,913,1300,1078,1034,886,923,388,526,910,993,712,653,658,201,438,534,729,613,644,447,218,452,634,718,500,482,394,219,449,432,719,557,466,381,227,339,568,567,512,518,403,197,384,582,762,601,535,459,217,453,741,859,743,708,480,336,530,949,1049,983,833,696,299,728,946,1314,993,1225,843,596,972,1275,1734,1567,1489,1155,704,863,1273,2254,1940,1503,1537,642,1181,1659,1791,1595,1126,1102,376,368,776,1588,1442
,Lubelskie,670,932,1027,802,937,616,285,547,759,793,713,728,353,177,416,728,618,639,745,378,179,437,641,699,534,650,299,245,524,569,598,357,268,103,126,490,609,564,388,280,207,142,447,658,331,403,512,381,138,344,493,403,355,358,318,86,266,357,323,311,378,234,78,336,358,354,264,318,227,69,256,324,294,264,320,201,110,200,322,320,316,265,224,61,254,359,326,328,313,290,101,328,451,432,406,408,326,97,371,500,477,450,429,406,122,512,616,601,618,667,438,139,628,840,874,834,728,633,181,737,977,970,1073,1025,860,373,1010,987,1314,1135,1112,635,237,239,911,1085,1065
,Lubuskie,267,504,508,494,398,373,259,187,387,358,482,339,325,163,174,349,467,447,373,300,207,150,323,320,427,407,320,168,141,365,402,351,111,65,49,208,349,493,343,113,169,96,93,368,379,233,293,261,190,89,243,288,218,178,247,99,85,201,217,208,166,145,134,93,174,226,171,178,170,91,84,196,241,183,180,197,88,73,258,227,221,234,215,77,158,245,384,299,267,294,204,145,345,441,461,383,455,117,177,387,490,585,642,476,308,240,413,632,751,653,517,396,288,698,672,747,773,701,495,428,749,936,874,840,636,589,397,733,815,759,693,661,267,205,251,558,716
,Łódzkie,563,1010,1099,1001,658,838,375,615,1013,889,915,897,561,238,563,821,863,838,695,572,190,446,943,767,656,762,447,265,453,859,945,739,280,199,199,671,801,703,704,604,292,287,487,1058,627,546,702,573,218,285,567,554,495,416,351,98,275,393,410,351,348,283,118,256,392,391,309,335,203,113,238,393,283,353,319,200,84,179,374,416,249,311,231,74,355,478,311,495,447,264,138,401,639,511,512,710,368,186,444,960,793,700,737,577,235,621,1022,1068,868,1185,782,460,1064,1466,1349,1360,1419,1110,862,1112,1934,2109,1872,1694,1580,929,1290,1832,2121,1879,1548,1378,837,497,1093,1908,2139
,Małopolskie,486,933,914,868,661,440,280,486,823,646,599,548,380,214,1072,564,488,472,404,310,143,232,538,351,399,391,310,207,196,528,409,210,169,115,190,251,541,387,388,281,200,194,233,625,453,352,418,260,233,236,383,337,321,293,225,306,234,280,315,270,250,219,115,159,359,290,250,265,204,182,244,355,272,266,293,226,83,191,340,364,251,356,212,115,224,515,427,548,493,380,234,293,718,752,660,629,738,282,521,1272,953,1015,1062,997,499,583,1497,1607,1336,1686,1379,699,1044,2050,2192,1914,2138,1715,1207,1211,2608,2919,2826,2725,2404,1525,1655,2766,3067,2628,2295,1693,922,663,1221,2813,2219
,Mazowieckie,1166,1577,1785,2057,1986,1413,659,765,1626,1780,1643,1574,1170,609,960,1496,1701,1722,1522,1280,715,768,1461,1318,1422,1383,1105,630,884,1509,1824,1166,741,532,409,957,1600,1739,1453,1046,903,746,824,1686,1469,1216,1333,1305,627,695,1069,1231,946,1040,816,475,683,890,874,856,936,687,371,570,934,1046,972,950,765,440,586,1129,960,961,986,744,438,602,1074,1087,1010,1090,1001,473,824,1400,1633,1427,1393,1339,699,1028,1961,1984,2098,2272,2069,1051,1279,2750,2563,2910,2504,2807,1289,1772,2596,3756,3073,3891,3430,2311,2347,4142,4408,4219,4166,3852,2899,3105,4308,5104,5264,5205,4652,2834,3572,4813,4806,4464,4115,3564,916,1792,2157,3910,3676
,Opolskie,512,459,587,536,429,432,198,361,257,469,449,359,307,195,140,224,493,337,315,133,176,129,247,251,250,222,173,138,93,250,281,258,97,99,49,120,206,347,179,182,100,84,93,222,326,96,195,181,127,116,172,235,214,222,99,125,95,138,143,113,95,104,45,78,105,153,145,100,124,44,55,124,138,96,102,82,40,62,68,152,85,119,102,40,49,89,160,122,133,137,52,73,108,212,157,120,139,84,90,208,266,227,198,240,122,123,250,287,360,347,294,265,168,357,637,564,472,500,240,316,484,642,694,653,668,448,325,641,807,711,611,647,237,209,256,570,717
,Podkarpackie,540,590,649,790,713,339,201,346,518,413,324,255,184,155,204,253,406,260,525,204,180,306,322,288,168,366,142,132,225,219,288,212,132,68,76,85,279,284,261,217,118,116,270,654,570,490,291,214,159,108,235,233,232,194,177,83,188,192,216,175,159,191,61,136,182,270,222,150,136,116,152,230,265,206,205,191,155,158,290,357,328,296,208,211,279,396,487,464,461,278,363,253,656,779,680,684,532,335,493,687,941,1008,811,718,431,471,976,1255,1023,889,1064,567,785,1319,1449,1334,1398,1211,669,721,1451,1498,1716,1480,1333,614,919,1286,1470,1284,1252,880,495,334,482,1060,1078
,Podlaskie,309,449,464,491,481,307,118,216,393,356,373,287,223,155,193,360,364,308,356,231,78,169,370,230,266,341,178,100,172,326,325,242,115,93,70,203,426,356,307,173,171,80,189,477,272,293,298,239,75,143,333,291,277,210,121,69,126,329,226,229,218,161,95,145,317,209,254,251,187,82,150,237,298,219,217,133,90,200,295,252,266,292,146,59,198,361,265,271,315,215,79,193,449,403,353,327,216,104,307,461,438,405,448,253,86,303,518,450,471,428,276,192,304,621,486,473,522,351,167,355,689,577,529,559,356,181,349,672,508,447,438,356,127,92,277,533,556
,Pomorskie,979,1126,1105,1258,1026,978,441,443,1060,1226,813,969,874,335,515,933,887,1147,752,1003,460,495,868,951,951,1040,817,549,697,968,1107,666,487,536,404,483,1101,1288,1027,787,705,623,534,1148,1003,987,977,1010,509,583,729,878,740,741,603,468,411,582,740,770,513,461,357,361,636,659,556,523,449,243,326,647,564,507,601,554,332,403,540,702,581,576,651,344,404,683,807,787,779,727,545,515,1113,1112,1050,1050,943,643,600,1399,1337,1318,1303,1098,715,613,1207,1704,1526,1494,1318,1100,1030,1685,1758,1604,1842,1213,1231,871,1935,1994,2625,1986,1874,1007,989,1433,1873,1335,2018,1273,550,573,730,1484,1323
,Śląskie,945,1941,1824,1560,1402,977,421,1084,1494,1531,1355,1283,908,265,852,1465,1251,1080,993,668,272,608,1340,964,918,803,694,240,719,1269,1003,695,285,279,224,823,1299,1046,885,431,288,282,740,1391,855,548,836,676,233,522,818,727,601,608,408,311,368,649,489,488,529,352,147,342,623,557,427,493,329,131,343,702,523,542,485,393,145,369,688,621,523,549,502,146,342,872,725,829,818,662,306,461,1529,1173,1018,1272,997,373,746,1989,1620,1873,1536,1596,520,1061,2452,2597,2302,2682,2331,1247,1716,4030,3788,3728,3600,3649,1859,2023,4605,5430,5095,5044,4647,2694,2812,6092,5997,4713,4506,3839,1734,1228,1863,4880,4686
,Świętokrzyskie,359,303,473,406,310,270,192,264,276,353,252,209,187,69,182,178,215,218,183,132,108,174,181,231,180,164,129,65,153,162,166,89,82,51,55,129,159,193,192,98,77,59,88,218,181,89,154,151,97,108,131,164,127,120,125,73,77,125,147,125,90,81,40,86,97,114,93,82,82,63,95,95,91,149,162,125,95,62,131,119,131,129,98,59,73,150,201,142,159,131,85,119,236,319,201,269,157,180,152,274,381,318,268,263,128,240,338,567,409,476,303,266,373,535,707,576,736,461,429,553,691,1024,822,939,718,585,551,812,900,864,860,502,376,209,485,721,712
,Warmińsko-Mazurskie,473,858,1210,1065,950,618,327,534,785,1058,964,762,692,217,528,651,897,1198,736,646,275,572,815,935,827,707,612,171,578,981,839,607,315,188,136,765,988,1061,825,321,376,139,601,1082,709,486,928,515,210,483,626,690,420,547,287,108,354,549,415,476,361,170,75,383,435,413,442,326,248,82,377,460,483,394,439,214,70,491,607,494,534,503,221,140,616,795,774,732,736,364,158,725,970,810,960,943,593,197,924,1132,831,1083,1129,706,202,835,1272,999,969,1115,759,271,1003,1097,1109,1002,869,605,310,894,1155,1082,1067,760,885,249,786,908,935,662,742,502,127,125,532,625,734
,Wielkopolskie,630,1420,1668,2072,1748,1574,532,796,1577,1755,1380,1195,1096,424,580,1213,1672,1411,1032,1132,392,639,1373,1555,1148,1197,1151,302,574,1391,1605,1045,518,387,309,647,1585,1469,1249,915,495,317,802,1488,1609,774,1151,1106,446,483,1014,1058,768,696,828,224,413,683,740,672,600,509,200,442,656,669,656,549,478,150,336,586,545,603,451,484,155,208,627,556,535,495,511,157,379,770,709,676,552,673,217,450,962,862,806,936,934,202,474,1212,1251,1138,962,1198,401,663,1358,1670,1678,1828,1508,871,954,2034,2493,2643,2791,2152,1355,1420,3188,3334,4141,3146,3652,1534,1892,3695,4056,3414,2779,2636,1255,731,1476,2767,3285
,Zachodniopomorskie,457,1011,991,915,902,780,599,461,751,939,999,974,674,529,486,932,956,1110,973,593,561,328,1064,1124,956,974,773,561,391,989,1005,990,557,270,282,713,996,900,951,538,518,436,569,921,1324,554,843,936,570,400,700,788,749,629,324,292,392,550,469,504,477,259,130,298,401,420,411,396,293,182,272,378,341,328,278,228,122,192,353,272,316,333,214,111,245,430,428,346,373,230,111,330,412,461,395,455,288,139,247,605,476,467,486,372,188,289,478,698,702,527,447,344,458,795,820,899,864,662,517,402,1096,1163,1113,1038,872,643,728,1330,1074,1184,922,700,307,274,704,786,999
,,9912,15259,16623,17001,15086,11359,5629,9036,13803,14764,13170,12390,9128,4383,8121,12081,13667,12986,11385,8836,4725,6722,12296,11803,10843,11114,8424,4459,6977,12177,12850,8868,4848,3464,2989,7670,12719,13151,10766,6801,5538,4200,7364,13895,11813,8562,10331,9190,4447,5460,8875,9333,7652,7283,5889,3174,4716,6788,7020,6527,6178,4554,2363,4449,6646,7016,6058,5736,4592,2409,4199,6680,6405,5941,5833,4597,2345,3935,6806,6902,6257,6470,5204,2431,5042,8557,8943,8621,8321,6863,3763,6115,11932,11964,11349,11965,9897,4678,7789,15567,15040,15573,14581,13312,5994,9735,16986,20707,18486,20780,16952,10663,14070,24616,26847,25608,26033,21663,14340,16318,29471,33716,34527,31306,28881,16734,20566,32485,34843,30148,27712,22688,9749,8130,14648,27587,28219
,,,,,,,,,,,,,,,,,,,,,,,,,,,,,,,,,,,,,,,,,,,,,,,,,,,,,,,,,,,,,,,,,,,,,,,,,,,,,,,,,,,,,,,,,,,,,,,,,,,,,,,,,,,,,,,,,,,,,,,,,,,,,,,,,,,,,,,,,,
,,Dobowy udział wyników pozytywnych w dobowej liczbie testów w wojewóztwach od 24.11.2020,,,,,,,,,,,,,,,,,,,,,,,,,,,,,,,,,,,,,,,,,,,,,,,,,,,,,,,,,,,,,,,,,,,,,,,,,,,,,,,,,,,,,,,,,,,,,,,,,,,,,,,,,,,,,,,,,,,,,,,,,,,,,,,,,,,,,,,,
Dobowy udział wyników pozytywnych w dobowej liczbie testów w wojewóztwach od 24.11.2020									,Województwo,24.11,25.11,26.11,27.11,28.11,29.11,30.11,01.12,02.12,03.12,04.12,05.12,06.12,07.12,08.12,09.12,10.12,11.12,12.12,13.12,14.12,15.12,16.12,17.12,18.12,19.12,20.12,21.12,22.12,23.12,24.12,25.12,26.12,27.12,28.12,29.12,30.12,31.12,01.01,02.01,03.01,04.01,05.01,06.01,07.01,08.01,09.01,10.01,11.01,12.01,13.01,14.01,15.01,16.01,17.01,18.01,19.01,20.01,21.01,22.01,23.01,24.01,25.01,26.01,27.01,28.01,29.01,30.01,31.01,01.02,02.02,03.02,04.02,05.02,06.02,07.02,08.02,09.02,10.02,11.02,12.02,13.02,14.02,15.02,16.02,17.02,18.02,19.02,20.02,21.02,22.02,23.02,24.02,25.02,26.02,27.02,28.02,01.03,02.03,03.03,04.03,05.03,06.03,07.03,08.03,09.03,10.03,11.03,12.03,13.03,14.03,15.03,16.03,17.03,18.03,19.03,20.03,21.03,22.03,23.03,24.03,25.03,26.03,27.03,28.03,29.03,30.03,31.03,01.04,02.04,03.04,04.04,05.04,06.04,07.04,08.04,09.04
,Dolnośląskie,"24,87%","22,47%","25,05%","26,51%","27,26%","31,68%","27,69%","19,42%","24,50%","24,13%","19,24%","23,20%","21,40%","23,07%","18,27%","20,95%","23,23%","19,53%","18,91%","21,45%","14,73%","14,63%","17,63%","20,05%","22,49%","20,12%","21,94%","13,10%","13,90%","16,28%","21,96%","24,10%","20,66%","22,11%","10,41%","12,14%","18,26%","20,25%","15,24%","23,96%","13,34%","11,52%","12,72%","15,97%","19,97%","14,07%","14,81%","21,23%","16,93%","9,52%","8,84%","9,41%","9,02%","7,27%","8,77%","9,79%","6,51%","9,74%","15,32%","9,38%","11,27%","12,80%","10,09%","7,84%","8,92%","11,53%","10,65%","11,26%","13,20%","13,72%","6,46%","11,47%","12,07%","11,46%","12,00%","10,10%","11,86%","7,36%","8,76%","12,48%","11,55%","11,82%","13,27%","15,21%","8,15%","11,50%","13,92%","15,96%","17,27%","21,54%","17,87%","12,00%","15,20%","20,24%","21,72%","20,39%","22,50%","16,93%","11,51%","19,08%","25,74%","28,55%","26,08%","32,13%","26,03%","18,05%","24,76%","31,01%","30,03%","31,01%","30,43%","30,39%","21,43%","29,87%","36,28%","32,56%","32,48%","39,95%","35,54%","23,71%","33,19%","36,71%","36,50%","36,95%","39,12%","41,40%","29,87%","37,48%","37,77%","33,78%","36,00%","38,78%","33,13%","23,76%","21,83%","30,92%","33,40%"
,Kujawsko-Pomorskie,"19,36%","26,82%","28,23%","30,33%","25,59%","30,54%","21,29%","25,30%","30,19%","11,38%","23,75%","8,22%","33,33%","28,26%","15,34%","26,71%","29,76%","26,61%","21,22%","29,79%","32,78%","21,79%","29,61%","27,35%","26,68%","27,82%","31,93%","29,45%","22,56%","30,37%","28,20%","34,47%","34,15%","26,94%","26,10%","22,59%","28,01%","33,13%","30,21%","29,70%","29,48%","30,56%","22,54%","27,40%","36,46%","23,14%","20,89%","30,76%","22,81%","14,44%","19,15%","20,08%","15,49%","16,28%","19,71%","17,57%","13,42%","19,23%","23,44%","21,74%","21,35%","21,04%","16,80%","16,11%","20,25%","22,95%","16,43%","15,54%","20,72%","16,79%","12,76%","15,07%","21,97%","19,52%","16,09%","19,89%","19,45%","10,71%","17,47%","19,71%","15,97%","16,08%","18,53%","13,81%","12,85%","18,46%","21,43%","19,87%","17,18%","21,67%","15,84%","15,47%","20,45%","23,90%","20,63%","18,17%","21,50%","17,94%","17,60%","25,76%","27,16%","27,21%","22,76%","24,72%","17,13%","20,58%","24,78%","28,47%","25,73%","27,30%","29,47%","25,43%","22,86%","28,03%","36,67%","28,63%","28,56%","32,45%","29,52%","20,07%","28,50%","35,07%","30,39%","25,43%","28,71%","23,22%","23,90%","30,87%","31,45%","31,53%","22,60%","31,39%","20,74%","17,40%","17,32%","25,72%","27,66%"
,Lubelskie,"29,39%","33,25%","33,15%","27,67%","30,41%","32,00%","29,47%","23,46%","26,73%","27,81%","28,75%","26,76%","27,13%","20,18%","16,46%","26,37%","23,45%","24,58%","25,43%","28,31%","18,43%","20,20%","22,59%","26,79%","23,99%","27,48%","24,35%","21,38%","22,87%","23,25%","26,21%","24,07%","26,38%","16,86%","14,03%","21,95%","23,94%","24,99%","22,58%","23,63%","18,85%","12,22%","18,25%","24,16%","20,21%","17,68%","20,89%","20,84%","14,21%","12,14%","12,47%","10,75%","10,46%","10,85%","12,17%","10,93%","8,76%","16,07%","15,20%","16,60%","17,73%","15,38%","9,42%","15,09%","16,08%","16,13%","10,06%","15,02%","15,34%","8,14%","11,80%","13,73%","15,24%","12,58%","15,05%","14,78%","8,69%","9,75%","12,95%","13,76%","13,21%","11,79%","13,49%","6,81%","11,12%","14,35%","13,65%","13,53%","14,02%","17,81%","10,68%","16,64%","15,32%","16,95%","17,74%","15,17%","19,77%","10,42%","13,30%","18,61%","18,87%","18,98%","16,06%","21,78%","6,78%","16,32%","19,01%","20,96%","19,35%","21,05%","20,18%","10,68%","18,94%","23,90%","22,92%","23,45%","21,47%","25,03%","13,06%","21,55%","25,46%","23,60%","27,39%","25,93%","28,02%","19,86%","25,23%","25,57%","29,17%","28,38%","28,67%","28,41%","19,47%","15,16%","19,13%","23,14%","22,13%"
,Lubuskie,"24,63%","31,34%","32,23%","31,51%","24,30%","38,41%","30,91%","17,11%","28,62%","25,39%","29,85%","24,49%","31,16%","26,68%","13,01%","28,21%","31,36%","28,10%","23,43%","30,12%","25,03%","11,42%","24,18%","27,12%","27,25%","27,99%","30,83%","14,87%","14,33%","26,13%","30,83%","35,28%","28,98%","18,84%","13,21%","16,05%","23,71%","32,14%","26,22%","19,42%","21,86%","16,81%","10,43%","21,76%","33,66%","16,45%","17,46%","20,63%","23,06%","6,52%","11,60%","13,95%","12,10%","8,42%","14,33%","13,77%","6,52%","15,72%","18,11%","15,45%","16,63%","17,99%","20,18%","8,70%","14,04%","18,11%","15,05%","15,36%","17,75%","17,47%","7,98%","14,75%","19,44%","15,68%","15,33%","23,54%","15,22%","6,72%","14,38%","16,94%","14,32%","15,11%","24,32%","12,40%","10,25%","15,05%","21,63%","19,62%","19,07%","26,80%","23,92%","13,76%","19,48%","25,37%","25,99%","22,92%","30,27%","17,03%","12,92%","22,95%","29,31%","32,13%","30,75%","33,95%","28,79%","15,04%","20,68%","30,71%","35,21%","29,78%","32,74%","29,80%","18,33%","31,95%","32,54%","32,61%","32,67%","36,97%","23,79%","17,62%","26,41%","31,08%","29,15%","29,82%","27,16%","27,02%","18,27%","29,11%","30,77%","28,75%","25,19%","35,35%","22,68%","10,22%","9,30%","20,20%","24,81%"
,Łódzkie,"18,36%","26,49%","26,20%","22,29%","17,93%","30,27%","20,02%","16,31%","23,75%","24,38%","23,43%","21,80%","21,44%","20,66%","15,61%","21,41%","22,00%","23,72%","20,70%","23,62%","12,79%","13,96%","23,28%","21,16%","19,41%","21,60%","22,69%","23,27%","16,86%","24,41%","25,26%","28,75%","24,39%","16,64%","17,67%","19,42%","23,14%","22,23%","24,77%","26,27%","16,06%","17,55%","14,66%","22,70%","20,98%","16,26%","17,13%","20,94%","13,74%","7,79%","10,96%","10,01%","10,19%","9,48%","12,76%","8,93%","9,41%","12,21%","11,71%","13,16%","11,77%","14,27%","10,76%","9,05%","11,64%","12,67%","12,28%","11,78%","10,87%","8,84%","7,37%","12,32%","9,81%","11,86%","10,58%","10,51%","7,80%","5,98%","10,97%","13,17%","9,68%","9,96%","11,65%","6,14%","10,89%","13,89%","10,52%","15,37%","14,07%","13,11%","10,28%","13,47%","15,82%","14,70%","16,40%","19,49%","18,18%","12,80%","12,87%","22,38%","19,83%","20,46%","18,76%","19,19%","15,23%","15,26%","22,37%","22,59%","23,17%","25,51%","26,54%","21,24%","21,94%","27,25%","28,15%","26,44%","26,64%","29,20%","26,24%","21,52%","30,15%","30,76%","26,75%","26,81%","31,15%","30,51%","21,63%","26,52%","29,30%","29,54%","27,85%","31,87%","28,70%","21,80%","17,80%","26,03%","28,58%"
,Małopolskie,"13,45%","18,66%","20,01%","16,60%","14,68%","15,82%","11,20%","12,36%","17,35%","14,07%","12,26%","12,35%","15,54%","13,21%","29,77%","16,68%","16,50%","19,51%","16,71%","15,26%","10,87%","11,05%","17,76%","14,01%","15,41%","14,39%","18,10%","14,85%","9,46%","15,78%","13,82%","14,62%","12,54%","13,64%","16,07%","12,43%","17,51%","14,02%","17,34%","19,39%","11,98%","11,42%","9,56%","17,32%","19,19%","12,70%","12,53%","11,27%","13,75%","7,81%","8,16%","7,61%","7,45%","6,89%","7,61%","19,32%","9,43%","9,89%","11,68%","10,98%","9,30%","11,53%","8,68%","6,57%","12,67%","10,89%","9,57%","9,80%","10,12%","13,25%","9,91%","11,79%","10,30%","11,80%","12,39%","11,96%","6,85%","7,18%","10,80%","10,67%","8,70%","11,12%","9,34%","7,57%","7,50%","13,96%","13,47%","15,41%","14,76%","14,24%","12,77%","11,59%","17,52%","19,26%","18,95%","17,20%","22,11%","15,14%","15,55%","27,66%","23,97%","25,65%","23,56%","27,67%","19,96%","15,85%","30,11%","34,38%","31,24%","31,07%","31,87%","24,50%","24,13%","36,02%","36,10%","35,03%","34,90%","37,32%","32,72%","29,22%","38,06%","37,93%","37,74%","36,53%","39,99%","35,06%","29,77%","35,38%","37,22%","34,60%","32,73%","31,23%","25,14%","14,91%","14,87%","28,13%","29,13%"
,Mazowieckie,"19,50%","23,90%","23,77%","20,99%","18,57%","24,93%","19,67%","15,41%","19,34%","22,92%","18,18%","15,20%","22,98%","16,46%","13,12%","20,68%","21,12%","18,37%","17,04%","20,90%","20,41%","11,50%","17,43%","18,79%","19,26%","17,63%","20,65%","18,40%","15,29%","19,50%","18,00%","20,30%","23,74%","22,53%","17,46%","13,65%","20,60%","21,23%","22,80%","26,51%","23,23%","18,12%","14,74%","22,13%","22,58%","17,74%","18,24%","20,82%","18,40%","10,73%","10,94%","9,65%","8,46%","9,06%","9,22%","8,61%","10,64%","12,67%","13,74%","13,73%","13,94%","14,47%","12,46%","10,44%","13,74%","15,50%","13,37%","13,86%","14,41%","12,56%","11,25%","16,19%","14,90%","15,95%","16,14%","15,60%","13,88%","10,47%","13,83%","13,40%","12,60%","12,99%","19,14%","14,46%","13,83%","17,98%","18,81%","19,58%","18,41%","21,89%","18,19%","18,28%","22,28%","20,47%","26,09%","24,53%","28,68%","22,62%","17,64%","27,87%","25,65%","30,26%","26,42%","30,67%","24,86%","22,37%","27,29%","28,92%","31,57%","32,37%","30,25%","27,22%","24,05%","30,57%","29,98%","30,45%","27,31%","34,57%","35,00%","25,82%","29,48%","29,38%","32,76%","30,67%","33,20%","29,67%","27,50%","31,19%","27,58%","27,17%","27,02%","28,84%","18,84%","23,73%","20,97%","25,63%","24,31%"
,Opolskie,"36,83%","33,26%","38,37%","35,95%","29,94%","41,06%","34,49%","25,77%","29,11%","32,57%","33,36%","28,42%","29,69%","40,46%","14,34%","21,23%","35,14%","28,39%","23,90%","20,72%","26,35%","16,00%","19,40%","22,21%","19,86%","19,70%","18,76%","25,51%","15,60%","24,93%","23,28%","34,96%","29,31%","23,08%","13,61%","14,18%","19,42%","26,35%","20,53%","28,53%","14,79%","18,50%","8,53%","19,02%","29,32%","11,61%","15,23%","19,11%","19,18%","11,54%","12,45%","13,52%","11,42%","14,74%","6,53%","12,33%","9,17%","15,16%","11,73%","12,14%","9,43%","11,86%","8,95%","8,29%","12,14%","14,29%","13,82%","12,80%","16,36%","8,87%","6,16%","12,09%","12,50%","10,47%","10,69%","10,17%","7,10%","5,77%","7,88%","11,12%","10,52%","8,65%","11,26%","6,98%","4,16%","7,21%","12,04%","11,51%","11,90%","14,18%","7,18%","6,97%","8,29%","17,35%","15,96%","10,27%","14,04%","10,69%","7,51%","16,02%","21,01%","19,17%","19,43%","21,18%","14,14%","10,44%","19,72%","22,28%","25,75%","25,11%","22,51%","23,31%","13,40%","22,96%","34,88%","31,49%","31,72%","28,72%","16,95%","18,97%","27,39%","29,57%","31,56%","33,10%","31,63%","31,53%","21,96%","32,36%","34,27%","29,70%","32,85%","38,95%","20,00%","10,44%","8,02%","19,45%","27,18%"
,Podkarpackie,"22,72%","26,81%","26,65%","31,42%","30,80%","30,65%","25,03%","17,00%","24,30%","22,05%","18,21%","17,07%","16,44%","14,92%","8,96%","14,14%","19,80%","14,05%","22,17%","13,82%","10,56%","9,54%","16,43%","15,53%","9,75%","20,71%","16,82%","11,16%","11,59%","13,71%","15,39%","18,31%","18,75%","12,30%","11,64%","6,42%","16,51%","15,45%","15,44%","19,55%","13,41%","12,57%","13,44%","22,47%","21,40%","20,96%","11,65%","13,43%","12,18%","6,08%","6,84%","7,21%","6,96%","7,30%","8,81%","12,15%","9,51%","8,95%","11,90%","10,26%","8,80%","13,15%","8,48%","7,92%","9,23%","14,03%","12,41%","9,15%","12,78%","7,92%","7,79%","11,22%","14,19%","10,67%","10,53%","14,30%","14,12%","7,45%","10,85%","13,97%","14,90%","15,75%","14,49%","16,50%","10,63%","13,14%","18,47%","21,56%","21,43%","20,23%","19,86%","14,21%","21,49%","27,47%","23,23%","25,09%","26,65%","23,96%","15,94%","24,24%","30,14%","33,48%","28,97%","29,54%","28,01%","16,70%","28,11%","32,67%","31,16%","31,70%","29,78%","31,09%","19,07%","27,66%","29,20%","28,87%","33,09%","38,07%","31,50%","21,14%","28,93%","29,69%","37,77%","33,88%","38,18%","30,22%","26,50%","31,35%","34,71%","30,45%","35,42%","35,82%","30,26%","18,58%","13,37%","23,01%","25,93%"
,Podlaskie,"25,00%","36,33%","37,94%","33,36%","30,83%","34,85%","29,21%","22,36%","28,44%","29,99%","29,12%","23,37%","27,56%","33,92%","17,16%","29,51%","27,12%","22,13%","23,80%","27,60%","17,89%","14,15%","25,07%","19,25%","23,90%","28,30%","21,50%","24,39%","18,18%","25,53%","25,19%","33,29%","28,05%","24,54%","19,66%","19,71%","31,39%","30,45%","25,02%","28,93%","26,03%","20,62%","17,53%","30,54%","32,46%","23,84%","20,77%","27,60%","16,97%","10,32%","13,93%","13,94%","15,09%","13,44%","15,59%","17,34%","10,11%","27,51%","23,04%","19,39%","17,51%","26,79%","21,06%","14,00%","22,42%","20,78%","20,37%","20,02%","24,70%","17,63%","14,76%","18,69%","23,76%","21,68%","20,93%","20,78%","18,18%","18,85%","20,42%","20,00%","20,96%","23,29%","19,11%","13,59%","17,32%","24,66%","19,20%","23,46%","21,47%","26,35%","16,12%","18,87%","25,04%","28,70%","24,77%","21,90%","23,33%","21,22%","23,22%","28,63%","28,09%","29,05%","28,21%","29,42%","14,03%","21,47%","26,85%","28,39%","29,89%","28,08%","28,13%","27,35%","22,32%","29,80%","28,06%","28,72%","27,69%","33,05%","24,45%","23,57%","31,77%","30,02%","26,46%","28,18%","28,25%","22,18%","22,14%","30,98%","25,84%","24,05%","25,29%","29,82%","18,84%","14,24%","15,35%","23,42%","24,32%"
,Pomorskie,"26,38%","32,30%","31,70%","26,21%","25,41%","30,33%","23,38%","18,31%","26,51%","26,53%","21,85%","23,74%","26,88%","20,08%","17,46%","26,86%","24,38%","28,40%","21,22%","27,60%","26,00%","17,63%","25,03%","23,73%","30,15%","25,29%","25,53%","28,71%","23,39%","23,32%","26,70%","24,63%","30,76%","31,22%","19,11%","17,96%","25,35%","32,57%","25,35%","31,93%","25,22%","23,57%","17,03%","28,42%","27,69%","23,34%","21,25%","24,40%","21,20%","18,63%","15,11%","14,07%","13,08%","14,28%","13,07%","16,45%","15,15%","18,23%","22,12%","19,88%","17,66%","19,96%","19,98%","13,46%","18,38%","19,01%","18,53%","14,68%","17,54%","13,58%","14,46%","17,95%","18,76%","21,83%","25,15%","22,58%","15,93%","13,65%","15,77%","18,97%","16,81%","18,15%","19,87%","15,03%","16,15%","19,33%","22,97%","24,93%","20,40%","21,43%","25,12%","17,66%","27,92%","28,99%","27,43%","24,28%","25,25%","28,14%","20,24%","29,48%","28,45%","30,97%","25,65%","30,84%","24,04%","19,44%","26,41%","34,47%","31,49%","32,65%","27,97%","31,70%","28,47%","27,28%","35,21%","29,77%","34,00%","30,18%","30,87%","22,89%","34,68%","34,94%","32,93%","29,59%","31,77%","28,56%","22,57%","25,90%","30,84%","21,92%","29,29%","25,81%","22,51%","19,62%","9,60%","21,12%","22,16%"
,Śląskie,"19,95%","31,49%","29,24%","22,72%","24,56%","30,91%","22,74%","22,73%","25,59%","25,86%","22,79%","23,49%","28,24%","16,97%","18,59%","25,42%","23,43%","21,63%","20,24%","24,12%","15,80%","14,58%","22,55%","19,42%","19,68%","19,42%","24,72%","15,37%","17,03%","23,56%","23,47%","26,49%","18,73%","19,21%","13,28%","19,60%","25,13%","22,91%","23,20%","23,00%","15,68%","13,72%","14,89%","21,82%","21,94%","13,09%","17,10%","20,83%","12,41%","9,87%","11,01%","9,00%","8,37%","8,26%","8,17%","14,17%","9,32%","12,94%","10,80%","11,73%","13,67%","15,45%","7,42%","8,48%","13,44%","11,96%","10,36%","12,21%","14,25%","7,71%","8,72%","15,12%","12,59%","13,20%","11,71%","16,27%","7,80%","8,29%","11,76%","12,03%","11,07%","13,32%","17,56%","7,21%","7,66%","15,50%","12,36%","17,20%","16,88%","22,50%","13,67%","12,18%","22,35%","21,57%","20,91%","23,41%","26,70%","16,91%","15,99%","28,74%","25,79%","29,57%","27,37%","34,01%","17,53%","19,26%","29,62%","33,43%","31,60%","32,11%","36,89%","30,16%","25,06%","38,23%","38,83%","35,86%","36,75%","42,76%","34,41%","28,61%","38,77%","41,94%","38,60%","39,84%","43,52%","40,82%","31,57%","40,79%","40,41%","38,63%","39,14%","41,19%","34,13%","23,82%","20,38%","32,78%","32,66%"
,Świętokrzyskie,"26,00%","23,51%","29,42%","26,96%","23,92%","24,73%","28,61%","21,39%","17,68%","24,16%","19,25%","17,99%","18,12%","10,88%","12,66%","13,67%","16,35%","16,14%","10,78%","12,34%","11,48%","9,31%","11,69%","16,55%","16,09%","16,43%","16,25%","9,38%","13,67%","15,21%","16,47%","15,40%","12,89%","11,14%","12,14%","12,14%","14,64%","14,30%","14,75%","11,36%","9,99%","8,58%","7,69%","14,03%","17,25%","8,35%","9,86%","14,09%","13,00%","7,78%","5,11%","6,29%","6,20%","5,00%","7,69%","8,56%","5,25%","8,25%","11,81%","9,90%","8,71%","8,53%","6,46%","7,10%","6,94%","8,39%","7,34%","5,86%","9,03%","9,21%","8,08%","7,49%","8,36%","11,80%","12,67%","12,73%","11,54%","5,31%","9,83%","7,23%","9,00%","9,27%","10,78%","7,73%","5,58%","10,56%","13,34%","9,29%","11,13%","13,63%","9,94%","8,80%","11,97%","17,30%","12,11%","16,03%","15,24%","17,66%","9,45%","17,04%","18,55%","18,94%","16,28%","20,03%","13,50%","14,67%","18,17%","24,21%","23,17%","21,02%","18,20%","21,57%","18,07%","22,72%","25,08%","23,88%","27,12%","27,80%","27,34%","17,18%","22,54%","31,22%","29,22%","30,07%","28,31%","26,12%","23,02%","28,81%","30,60%","30,53%","30,12%","26,62%","28,66%","17,05%","20,49%","22,64%","25,85%"
,Warmińsko-Mazurskie,"25,35%","36,54%","42,15%","37,53%","35,97%","41,37%","37,37%","26,11%","34,16%","36,93%","34,42%","30,57%","42,43%","29,77%","22,22%","29,58%","34,32%","36,42%","28,33%","33,03%","19,20%","21,98%","31,74%","33,32%","32,00%","33,43%","41,16%","26,72%","25,13%","40,54%","35,46%","37,68%","42,11%","27,41%","19,60%","30,76%","31,85%","39,09%","34,88%","35,08%","33,48%","19,12%","27,81%","39,63%","40,58%","23,51%","35,29%","37,21%","24,08%","15,71%","18,07%","17,10%","13,67%","18,42%","16,78%","14,48%","18,44%","26,31%","21,78%","24,51%","22,17%","22,08%","13,16%","20,59%","23,84%","22,79%","23,65%","21,50%","26,35%","14,36%","18,76%","25,99%","26,09%","24,19%","26,67%","23,29%","13,26%","18,36%","23,56%","18,96%","28,45%","25,09%","24,45%","18,64%","21,71%","28,85%","34,29%","34,09%","33,44%","30,90%","24,46%","32,76%","34,23%","35,46%","39,70%","36,98%","36,79%","26,34%","35,36%","37,55%","34,27%","38,75%","38,81%","37,51%","24,16%","31,65%","36,51%","36,18%","33,21%","38,58%","37,22%","30,04%","34,66%","35,57%","37,54%","33,23%","30,97%","33,80%","28,34%","29,18%","30,67%","33,81%","32,91%","28,43%","33,48%","28,59%","27,89%","26,94%","29,76%","25,95%","27,67%","28,78%","16,80%","14,43%","17,33%","20,27%","21,71%"
,Wielkopolskie,"22,65%","32,67%","35,89%","36,87%","32,22%","36,86%","30,01%","24,91%","34,01%","30,34%","30,23%","24,66%","27,71%","25,16%","17,06%","27,16%","30,71%","28,23%","24,74%","30,23%","22,80%","17,89%","29,09%","29,19%","27,69%","25,08%","31,23%","18,35%","20,31%","29,72%","29,37%","28,61%","24,35%","22,34%","20,10%","19,40%","31,28%","29,10%","31,91%","29,87%","16,70%","18,87%","19,88%","27,73%","32,78%","18,17%","21,99%","27,59%","20,76%","11,45%","17,40%","15,67%","13,37%","12,04%","14,70%","15,05%","10,37%","15,64%","19,18%","17,50%","16,14%","18,40%","12,08%","11,95%","17,64%","17,27%","16,47%","14,40%","16,12%","10,37%","10,35%","15,16%","15,67%","15,43%","11,36%","17,13%","9,41%","6,54%","14,36%","12,69%","13,49%","13,03%","17,48%","9,14%","11,27%","17,05%","17,68%","16,61%","15,05%","19,64%","14,71%","13,85%","20,03%","20,42%","20,51%","21,00%","24,81%","12,06%","13,70%","24,66%","24,84%","25,27%","20,92%","28,79%","16,10%","18,05%","25,64%","30,29%","31,76%","29,31%","31,50%","25,83%","22,36%","30,63%","31,77%","34,67%","34,71%","38,50%","33,16%","26,40%","35,68%","39,21%","38,42%","38,02%","39,17%","33,53%","32,43%","37,95%","38,59%","36,01%","34,56%","38,88%","31,32%","21,44%","19,99%","29,71%","32,95%"
,Zachodniopomorskie,"24,82%","33,16%","33,41%","33,26%","34,40%","31,41%","37,58%","28,69%","28,64%","29,40%","34,03%","31,28%","26,66%","30,44%","25,05%","30,74%","32,33%","33,96%","29,18%","28,70%","28,39%","15,04%","34,82%","35,51%","31,55%","33,40%","33,01%","21,91%","23,87%","31,31%","35,13%","38,55%","40,51%","29,48%","24,78%","26,49%","34,74%","34,70%","37,40%","35,19%","29,94%","24,30%","25,28%","29,46%","39,84%","25,91%","25,51%","35,33%","29,17%","15,38%","17,22%","18,09%","18,04%","19,76%","10,84%","20,15%","15,69%","20,77%","18,42%","20,69%","20,55%","17,13%","14,05%","14,13%","17,77%","18,44%","19,34%","18,71%","18,98%","16,06%","12,76%","17,49%","15,12%","17,38%","14,57%","15,83%","11,80%","8,29%","15,50%","12,74%","14,42%","15,20%","14,57%","10,72%","11,16%","17,70%","17,54%","18,63%","16,40%","14,92%","11,16%","16,32%","15,76%","19,34%","19,14%","19,51%","15,46%","12,80%","13,38%","20,38%","18,47%","22,59%","19,82%","20,64%","16,51%","13,69%","18,04%","21,15%","24,56%","21,11%","23,44%","22,43%","18,39%","24,01%","28,11%","27,08%","28,67%","29,95%","23,74%","17,69%","28,63%","31,15%","28,01%","27,12%","28,65%","28,50%","21,56%","29,89%","26,15%","31,05%","28,08%","26,84%","22,39%","15,14%","18,11%","21,78%","22,54%"
,,,,,,,,,,,,,,,,,,,,,,,,,,,,,,,,,,,,,,,,,,,,,,,,,,,,,,,,,,,,,,,,,,,,,,,,,,,,,,,,,,,,,,,,,,,,,,,,,,,,,,,,,,,,,,,,,,,,,,,,,,,,,,,,,,,,,,,,,,
,POLSKA (suma z woj.),"22,43%","28,30%","29,34%","26,85%","25,15%","30,39%","24,51%","20,42%","25,32%","23,07%","23,33%","18,95%","25,75%","21,44%","17,26%","23,80%","25,25%","24,17%","21,30%","24,57%","19,82%","14,99%","23,11%","23,45%","23,10%","23,15%","25,61%","19,75%","18,01%","23,99%","24,28%","27,05%","25,66%","22,23%","17,46%","18,17%","24,59%","25,78%","24,64%","26,63%","20,66%","18,17%","16,59%","24,11%","26,92%","18,31%","19,13%","23,28%","18,58%","11,27%","12,51%","12,04%","10,88%","10,81%","11,43%","13,17%","10,48%","14,80%","15,91%","15,31%","14,81%","15,94%","12,32%","11,10%","14,77%","15,56%","14,00%","13,69%","15,50%","12,02%","10,52%","14,91%","15,37%","15,20%","14,69%","15,90%","12,01%","9,48%","13,68%","14,03%","13,60%","13,96%","16,44%","11,63%","11,51%","16,47%","17,41%","18,56%","17,72%","20,07%","16,34%","15,53%","20,33%","21,90%","22,55%","21,79%","24,41%","18,55%","16,31%","25,59%","25,23%","27,88%","24,81%","28,62%","20,02%","18,78%","26,07%","29,53%","29,42%","29,72%","29,92%","26,74%","22,93%","30,40%","32,54%","31,01%","31,02%","35,20%","30,47%","23,86%","32,02%","33,96%","33,70%","32,49%","35,01%","31,77%","26,73%","32,96%","33,28%","31,20%","31,04%","33,23%","26,28%","19,22%","17,19%","26,38%","27,76%"
,,,,,,,,,,,,,,,,,,,,,,,,,,,,,,,,,,,,,,,,,,,,,,,,,,,,,,,,,,,,,,,,,,,,,,,,,,,,,,,,,,,,,,,,,,,,,,,,,,,,,,,,,,,,,,,,,,,,,,,,,,,,,,,,,,,,,,,,,,
,,,,,,,,,,,,,,,,,,,,,,,,,,,,,,,,,,,,,,,,,,,,,,,,,,,,,,,,,,,,,,,,,,,,,,,,,,,,,,,,,,,,,,,,,,,,,,,,,,,,,,,,,,,,,,,,,,,,,,,,,,,,,,,,,,,,,,,,,,
,,Średnia 7-dniowa dobowego udziału wyników pozytywnych w dobowej liczbie testów w wojewóztwach od 24.11.2020,,,,,,,,,,,,,,,,,,,,,,,,,,,,,,,,,,,,,,,,,,,,,,,,,,,,,,,,,,,,,,,,,,,,,,,,,,,,,,,,,,,,,,,,,,,,,,,,,,,,,,,,,,,,,,,,,,,,,,,,,,,,,,,,,,,,,,,,
Średnia 7-dniowa dobowego udziału wyników pozytywnych w dobowej liczbie testów w wojewóztwach od 24.11.2020										,Województwo,24.11,25.11,26.11,27.11,28.11,29.11,30.11,01.12,02.12,03.12,04.12,05.12,06.12,07.12,08.12,09.12,10.12,11.12,12.12,13.12,14.12,15.12,16.12,17.12,18.12,19.12,20.12,21.12,22.12,23.12,24.12,25.12,26.12,27.12,28.12,29.12,30.12,31.12,01.01,02.01,03.01,04.01,05.01,06.01,07.01,08.01,09.01,10.01,11.01,12.01,13.01,14.01,15.01,16.01,17.01,18.01,19.01,20.01,21.01,22.01,23.01,24.01,25.01,26.01,27.01,28.01,29.01,30.01,31.01,01.02,02.02,03.02,04.02,05.02,06.02,07.02,08.02,09.02,10.02,11.02,12.02,13.02,14.02,15.02,16.02,17.02,18.02,19.02,20.02,21.02,22.02,23.02,24.02,25.02,26.02,27.02,28.02,01.03,02.03,03.03,04.03,05.03,06.03,07.03,08.03,09.03,10.03,11.03,12.03,13.03,14.03,15.03,16.03,17.03,18.03,19.03,20.03,21.03,22.03,23.03,24.03,25.03,26.03,27.03,28.03,29.03,30.03,31.03,01.04,02.04,03.04,04.04,05.04,06.04,07.04,08.04,09.04
,Dolnośląskie,,,,,,,"26,51%","25,73%","26,02%","25,89%","24,85%","24,27%","22,80%","22,14%","21,97%","21,47%","21,34%","21,38%","20,77%","20,77%","19,58%","19,06%","18,59%","18,13%","18,56%","18,73%","18,80%","18,56%","18,46%","18,27%","18,54%","18,77%","18,85%","18,87%","18,49%","18,24%","18,52%","18,28%","17,01%","17,48%","16,23%","16,39%","16,47%","16,14%","16,10%","15,94%","14,63%","15,76%","16,53%","16,07%","15,05%","13,54%","12,82%","11,74%","9,96%","8,94%","8,52%","8,65%","9,49%","9,54%","10,11%","10,69%","10,73%","10,92%","10,80%","10,26%","10,44%","10,44%","10,50%","11,02%","10,82%","11,18%","11,26%","11,38%","11,48%","11,04%","10,77%","10,90%","10,52%","10,57%","10,59%","10,56%","11,01%","11,49%","11,60%","12,00%","12,20%","12,83%","13,61%","14,79%","15,17%","15,72%","16,25%","17,15%","17,98%","18,42%","18,56%","18,43%","18,35%","18,91%","19,70%","20,67%","21,48%","22,86%","24,16%","25,09%","25,91%","26,66%","26,87%","27,57%","27,33%","27,95%","28,44%","29,17%","29,92%","30,28%","30,49%","31,85%","32,59%","32,91%","33,39%","33,45%","34,01%","34,65%","34,53%","35,37%","36,25%","36,86%","37,01%","36,62%","36,49%","36,44%","35,26%","34,39%","32,15%","31,17%","31,12%"
,Kujawsko-Pomorskie,,,,,,,"26,02%","26,87%","27,35%","24,94%","24,01%","21,52%","21,92%","22,92%","21,50%","21,00%","23,63%","24,03%","25,89%","25,38%","26,03%","26,95%","27,36%","27,02%","27,03%","27,97%","28,28%","27,80%","27,91%","28,02%","28,14%","29,26%","30,16%","29,45%","28,97%","28,98%","28,64%","29,34%","28,73%","28,10%","28,46%","29,10%","29,09%","29,00%","29,48%","28,47%","27,21%","27,39%","26,28%","25,13%","23,95%","21,61%","20,52%","19,86%","18,28%","17,53%","17,38%","17,40%","17,88%","18,77%","19,49%","19,68%","19,57%","19,96%","20,10%","20,03%","19,27%","18,44%","18,40%","18,40%","17,92%","17,18%","17,04%","17,48%","17,56%","17,44%","17,82%","17,53%","17,87%","17,55%","17,04%","17,04%","16,85%","16,04%","16,35%","16,49%","16,73%","17,29%","17,45%","17,90%","18,18%","18,56%","18,84%","19,20%","19,31%","19,45%","19,42%","19,72%","20,03%","20,78%","21,25%","22,19%","22,84%","23,30%","23,19%","23,62%","23,48%","23,66%","23,45%","24,10%","24,78%","25,97%","26,29%","26,76%","27,93%","28,34%","28,52%","28,95%","29,53%","29,13%","29,20%","28,97%","29,22%","28,78%","28,24%","27,34%","27,89%","28,23%","27,71%","27,87%","27,47%","27,85%","27,50%","26,57%","24,63%","23,81%","23,26%"
,Lubelskie,,,,,,,"30,76%","29,92%","28,98%","28,22%","28,38%","27,85%","27,16%","25,83%","24,83%","24,78%","24,16%","23,56%","23,37%","23,54%","23,29%","23,83%","23,29%","23,76%","23,68%","23,97%","23,41%","23,83%","24,21%","24,30%","24,22%","24,23%","24,07%","23,00%","21,95%","21,82%","21,92%","21,75%","21,53%","21,14%","21,43%","21,17%","20,64%","20,67%","19,99%","19,29%","18,89%","19,18%","19,46%","18,59%","16,92%","15,57%","14,54%","13,10%","11,86%","11,39%","10,91%","11,42%","12,06%","12,94%","13,92%","14,38%","14,17%","15,07%","15,07%","15,20%","14,27%","13,88%","13,88%","13,69%","13,22%","12,89%","12,76%","13,12%","13,13%","13,05%","13,13%","12,83%","12,72%","12,51%","12,60%","12,13%","11,95%","11,68%","11,88%","12,08%","12,06%","12,11%","12,43%","13,04%","13,60%","14,38%","14,52%","14,99%","15,60%","15,76%","16,04%","16,00%","15,52%","15,99%","16,27%","16,44%","16,57%","16,86%","16,34%","16,77%","16,83%","17,13%","17,18%","17,89%","17,66%","18,22%","18,60%","19,30%","19,58%","20,16%","20,22%","20,91%","21,25%","21,63%","21,85%","21,95%","22,51%","23,14%","23,57%","24,54%","25,07%","25,09%","25,88%","26,02%","26,42%","26,47%","26,42%","24,98%","24,06%","23,20%","22,30%"
,Lubuskie,,,,,,,"30,48%","29,40%","29,01%","28,04%","27,80%","27,83%","26,79%","26,19%","25,60%","25,54%","26,40%","26,15%","25,99%","25,84%","25,61%","25,38%","24,81%","24,20%","24,08%","24,73%","24,83%","23,38%","23,79%","24,07%","24,60%","25,75%","25,89%","24,18%","23,94%","24,19%","23,84%","24,03%","22,74%","21,37%","21,80%","22,32%","21,51%","21,23%","21,45%","20,06%","19,78%","19,60%","20,49%","19,94%","18,48%","15,67%","15,05%","13,75%","12,85%","11,53%","11,53%","12,11%","12,71%","13,19%","14,36%","14,89%","15,80%","16,11%","15,87%","15,87%","15,82%","15,63%","15,60%","15,21%","15,11%","15,21%","15,40%","15,49%","15,48%","16,31%","15,99%","15,81%","15,76%","15,40%","15,21%","15,18%","15,29%","14,88%","15,39%","15,48%","16,15%","16,91%","17,48%","17,83%","19,48%","19,98%","20,61%","21,15%","22,06%","22,60%","23,10%","22,12%","22,00%","22,49%","23,06%","23,93%","25,05%","25,58%","27,26%","27,56%","27,23%","27,43%","27,87%","27,74%","27,56%","27,71%","28,18%","29,79%","30,05%","29,68%","30,09%","30,70%","29,84%","29,73%","28,94%","28,73%","28,24%","27,83%","26,43%","26,89%","26,99%","27,37%","27,33%","27,27%","26,61%","27,78%","27,16%","26,01%","23,18%","21,67%","21,11%"
,Łódzkie,,,,,,,"23,08%","22,79%","22,40%","22,14%","22,30%","22,85%","21,59%","21,68%","21,58%","21,25%","20,91%","20,95%","20,79%","21,10%","19,98%","19,74%","20,01%","19,89%","19,27%","19,40%","19,27%","20,77%","21,18%","21,34%","21,93%","23,26%","23,66%","22,80%","22,00%","22,36%","22,18%","21,75%","21,18%","21,45%","21,37%","21,35%","20,67%","20,61%","20,43%","19,21%","17,91%","18,61%","18,06%","17,08%","15,40%","13,83%","12,97%","11,87%","10,70%","10,02%","10,25%","10,43%","10,67%","11,09%","11,42%","11,64%","11,90%","11,85%","11,76%","11,90%","11,78%","11,78%","11,29%","11,02%","10,78%","10,87%","10,47%","10,41%","10,24%","10,19%","10,04%","9,84%","9,65%","10,13%","9,81%","9,72%","9,89%","9,65%","10,35%","10,77%","10,39%","11,20%","11,79%","12,00%","12,59%","12,96%","13,24%","13,83%","13,98%","14,75%","15,48%","15,84%","15,75%","16,69%","17,42%","18,00%","17,90%","18,04%","18,39%","18,73%","18,73%","19,12%","19,51%","20,47%","21,52%","22,38%","23,34%","24,03%","24,83%","25,29%","25,46%","25,84%","26,55%","26,49%","26,90%","27,28%","27,32%","27,35%","27,63%","28,24%","28,25%","27,73%","27,52%","27,92%","28,07%","28,17%","27,92%","27,94%","26,69%","26,23%","26,09%"
,Małopolskie,,,,,,,"15,77%","15,62%","15,43%","14,58%","13,96%","13,63%","13,59%","13,88%","16,36%","16,27%","16,62%","17,65%","18,27%","18,23%","17,90%","15,23%","15,38%","15,02%","14,44%","14,11%","14,51%","15,08%","14,85%","14,57%","14,54%","14,43%","14,17%","13,53%","13,71%","14,13%","14,38%","14,40%","14,79%","15,77%","15,54%","14,87%","14,46%","14,43%","15,17%","14,51%","13,53%","13,43%","13,76%","13,51%","12,20%","10,55%","9,80%","8,99%","8,47%","9,26%","9,49%","9,74%","10,32%","10,83%","11,17%","11,73%","10,21%","9,80%","10,20%","10,09%","9,89%","9,96%","9,76%","10,41%","10,89%","10,76%","10,68%","11,00%","11,37%","11,63%","10,72%","10,33%","10,18%","10,24%","9,79%","9,61%","9,24%","9,34%","9,38%","9,84%","10,24%","11,19%","11,71%","12,41%","13,16%","13,74%","14,25%","15,08%","15,58%","15,93%","17,06%","17,40%","17,96%","19,41%","20,08%","21,04%","21,95%","22,74%","23,43%","23,48%","23,83%","25,31%","26,11%","27,19%","27,78%","28,43%","29,62%","30,46%","30,71%","31,25%","31,79%","32,57%","33,75%","34,47%","34,76%","35,03%","35,41%","35,65%","36,03%","36,36%","36,44%","36,06%","35,96%","35,51%","34,97%","33,71%","32,30%","30,17%","27,24%","25,94%","25,16%"
,Mazowieckie,,,,,,,"21,62%","21,03%","20,38%","20,26%","19,86%","19,38%","19,10%","18,64%","18,31%","18,51%","18,25%","18,28%","18,54%","18,24%","18,81%","18,57%","18,11%","17,78%","17,90%","17,99%","17,95%","17,67%","18,21%","18,50%","18,39%","18,54%","19,41%","19,68%","19,55%","19,31%","19,47%","19,93%","20,29%","20,68%","20,78%","20,88%","21,03%","21,25%","21,44%","20,72%","19,54%","19,20%","19,24%","18,66%","17,06%","15,22%","13,89%","12,58%","10,92%","9,52%","9,51%","9,76%","10,34%","11,10%","11,79%","12,54%","13,09%","13,06%","13,22%","13,47%","13,42%","13,41%","13,40%","13,41%","13,53%","13,88%","13,79%","14,16%","14,49%","14,66%","14,85%","14,73%","14,40%","14,18%","13,70%","13,25%","13,76%","13,84%","14,32%","14,91%","15,69%","16,68%","17,46%","17,85%","18,38%","19,02%","19,63%","19,87%","20,80%","21,68%","22,65%","23,28%","23,19%","23,99%","24,73%","25,32%","25,59%","25,87%","26,19%","26,87%","26,79%","27,25%","27,44%","28,29%","28,23%","28,57%","28,81%","29,28%","29,43%","29,27%","28,55%","29,16%","30,27%","30,53%","30,37%","30,29%","30,62%","31,10%","30,90%","30,14%","30,38%","30,62%","30,37%","29,57%","29,05%","28,42%","26,88%","26,34%","24,88%","24,60%","24,19%"
,Opolskie,,,,,,,"35,70%","34,12%","33,53%","32,70%","32,33%","32,11%","30,49%","31,34%","29,71%","28,58%","28,95%","28,24%","27,59%","26,31%","24,30%","24,53%","24,27%","22,42%","21,21%","20,61%","20,33%","20,21%","20,15%","20,94%","21,09%","23,25%","24,62%","25,24%","23,54%","23,33%","22,55%","22,99%","20,92%","20,81%","19,63%","20,33%","19,52%","19,46%","19,89%","18,61%","16,72%","17,33%","17,43%","17,86%","16,92%","14,66%","14,64%","14,57%","12,77%","11,79%","11,45%","11,84%","11,58%","11,69%","10,93%","11,69%","11,21%","11,08%","10,65%","11,01%","11,25%","11,74%","12,38%","12,37%","12,06%","12,06%","11,80%","11,32%","11,02%","10,14%","9,88%","9,83%","9,23%","9,03%","9,04%","8,74%","8,90%","8,88%","8,65%","8,56%","8,69%","8,83%","9,29%","9,71%","9,74%","10,14%","10,30%","11,06%","11,69%","11,46%","11,44%","11,94%","12,01%","13,12%","13,64%","14,10%","15,41%","16,43%","16,92%","17,34%","17,87%","18,05%","18,99%","19,80%","19,99%","21,30%","21,72%","22,19%","23,99%","24,81%","25,75%","26,64%","25,73%","26,53%","27,16%","26,40%","26,41%","26,61%","27,02%","29,11%","29,53%","30,24%","30,91%","30,65%","30,61%","31,66%","30,01%","28,37%","24,89%","22,77%","22,41%"
,Podkarpackie,,,,,,,"27,73%","26,91%","26,55%","25,89%","24,01%","22,04%","20,01%","18,57%","17,42%","15,97%","15,65%","15,06%","15,79%","15,41%","14,79%","14,87%","15,20%","14,59%","13,97%","13,76%","14,19%","14,28%","14,57%","14,18%","14,16%","15,39%","15,10%","14,46%","14,53%","13,79%","14,19%","14,20%","13,79%","13,90%","14,06%","14,19%","15,20%","16,05%","16,90%","17,68%","16,56%","16,56%","16,51%","15,45%","13,22%","11,19%","9,19%","8,57%","7,91%","7,91%","8,40%","8,70%","9,37%","9,84%","10,06%","10,68%","10,15%","9,92%","9,96%","10,27%","10,57%","10,62%","10,57%","10,49%","10,47%","10,76%","10,78%","10,53%","10,73%","10,95%","11,83%","11,78%","11,73%","11,70%","12,30%","13,05%","13,08%","13,42%","13,87%","14,20%","14,84%","15,79%","16,60%","17,42%","17,90%","18,42%","19,61%","20,89%","21,13%","21,65%","22,57%","23,16%","23,41%","23,80%","24,18%","25,64%","26,20%","26,61%","27,19%","27,30%","27,85%","28,21%","27,88%","28,27%","28,30%","28,74%","29,08%","29,02%","28,52%","28,19%","28,39%","29,58%","29,64%","29,93%","30,11%","30,18%","31,46%","31,57%","31,59%","31,40%","32,17%","32,51%","33,23%","32,18%","32,40%","32,07%","32,07%","30,94%","28,37%","26,70%","26,05%"
,Podlaskie,,,,,,,"32,50%","32,12%","31,00%","29,86%","29,26%","28,19%","27,15%","27,82%","27,08%","27,23%","26,82%","25,82%","25,88%","25,89%","23,60%","23,17%","22,54%","21,41%","21,66%","22,31%","21,44%","22,36%","22,94%","23,01%","23,86%","25,20%","25,16%","25,60%","24,92%","25,14%","25,98%","26,73%","25,55%","25,67%","25,89%","26,02%","25,71%","25,59%","25,87%","25,71%","24,54%","24,76%","24,24%","23,21%","20,84%","18,19%","16,94%","15,90%","14,18%","14,23%","14,20%","16,14%","17,44%","18,06%","18,64%","20,24%","20,77%","21,33%","20,60%","20,28%","20,42%","20,78%","20,48%","19,99%","20,10%","19,56%","19,99%","20,18%","20,31%","19,75%","19,83%","20,41%","20,66%","20,12%","20,02%","20,35%","20,11%","19,46%","19,24%","19,85%","19,73%","20,09%","19,83%","20,87%","21,23%","21,45%","21,50%","22,86%","23,05%","23,11%","22,68%","23,41%","24,03%","24,54%","24,45%","25,07%","25,97%","26,84%","25,81%","25,56%","25,30%","25,35%","25,47%","25,45%","25,26%","27,17%","27,29%","27,71%","27,66%","27,50%","27,44%","28,14%","27,73%","27,91%","28,19%","28,47%","28,15%","28,21%","27,53%","27,20%","27,00%","26,89%","26,29%","25,95%","25,53%","25,76%","25,28%","24,15%","21,92%","21,57%","21,61%"
,Pomorskie,,,,,,,"27,96%","26,81%","25,98%","25,24%","24,62%","24,38%","23,89%","23,41%","23,29%","23,35%","23,04%","23,97%","23,61%","23,72%","24,56%","24,59%","24,32%","24,23%","24,48%","25,06%","24,77%","25,15%","25,98%","25,73%","26,16%","25,37%","26,15%","26,96%","25,59%","24,81%","25,10%","25,94%","26,05%","26,21%","25,36%","25,99%","25,86%","26,30%","25,60%","25,31%","23,79%","23,67%","23,33%","23,56%","21,66%","19,71%","18,25%","17,25%","15,63%","14,95%","14,46%","14,90%","16,05%","17,03%","17,51%","18,49%","19,00%","18,75%","18,77%","18,33%","18,14%","17,71%","17,37%","16,46%","16,60%","16,54%","16,50%","16,97%","18,47%","19,19%","19,52%","19,41%","19,09%","19,13%","18,41%","17,41%","17,02%","16,89%","17,25%","17,76%","18,33%","19,49%","19,81%","20,03%","21,47%","21,69%","22,92%","23,78%","24,13%","24,69%","25,24%","25,67%","26,04%","26,26%","26,18%","26,69%","26,89%","27,68%","27,10%","26,98%","26,54%","27,40%","27,48%","28,48%","28,07%","29,16%","30,45%","30,57%","30,68%","30,44%","30,63%","30,94%","30,83%","30,03%","31,08%","31,05%","31,50%","30,87%","31,10%","30,77%","30,72%","29,47%","28,88%","27,31%","27,27%","26,41%","25,55%","25,13%","22,80%","21,41%","21,45%"
,Śląskie,,,,,,,"25,94%","26,34%","25,50%","25,02%","25,03%","24,87%","24,49%","23,67%","23,07%","23,05%","22,70%","22,54%","22,07%","21,49%","21,32%","20,75%","20,34%","19,76%","19,48%","19,37%","19,45%","19,39%","19,74%","19,89%","20,47%","21,44%","21,34%","20,55%","20,25%","20,62%","20,84%","20,76%","20,30%","20,91%","20,40%","20,46%","19,79%","19,32%","19,18%","17,73%","16,89%","17,63%","17,44%","16,72%","15,18%","13,33%","12,65%","11,39%","9,58%","9,83%","9,76%","10,03%","10,29%","10,77%","11,54%","12,58%","11,62%","11,50%","11,57%","11,74%","11,54%","11,33%","11,16%","11,20%","11,24%","11,48%","11,57%","11,97%","11,90%","12,19%","12,20%","12,14%","11,66%","11,58%","11,28%","11,51%","11,69%","11,60%","11,52%","12,05%","12,10%","12,97%","13,48%","14,19%","15,11%","15,75%","16,73%","18,05%","18,58%","19,51%","20,11%","20,58%","21,12%","22,03%","22,64%","23,87%","24,44%","25,48%","25,57%","26,04%","26,17%","27,26%","27,55%","28,22%","28,64%","30,44%","31,27%","32,50%","33,27%","33,88%","34,54%","35,38%","35,99%","36,49%","36,57%","37,02%","37,41%","37,85%","37,96%","38,87%","39,29%","39,58%","39,36%","39,37%","39,27%","38,94%","37,98%","36,87%","33,96%","32,87%","32,01%"
,Świętokrzyskie,,,,,,,"26,16%","25,50%","24,67%","23,92%","22,82%","21,97%","21,03%","18,50%","17,25%","16,68%","15,56%","15,11%","14,08%","13,26%","13,34%","12,87%","12,58%","12,61%","12,60%","13,41%","13,97%","13,67%","14,29%","14,80%","14,79%","14,69%","14,18%","13,45%","13,85%","13,63%","13,54%","13,23%","13,14%","12,92%","12,76%","12,25%","11,61%","11,53%","11,95%","11,03%","10,82%","11,41%","12,04%","12,05%","10,78%","9,21%","8,90%","8,21%","7,30%","6,66%","6,30%","6,75%","7,54%","8,07%","8,60%","8,71%","8,42%","8,68%","8,49%","8,01%","7,64%","7,23%","7,30%","7,70%","7,84%","7,91%","7,91%","8,55%","9,52%","10,05%","10,38%","9,98%","10,32%","10,16%","9,76%","9,27%","9,00%","8,45%","8,49%","8,59%","9,47%","9,51%","9,77%","10,18%","10,49%","10,95%","11,16%","11,72%","12,12%","12,82%","13,06%","14,16%","14,25%","14,98%","15,16%","16,13%","16,17%","16,85%","16,26%","17,00%","17,16%","17,97%","18,58%","19,25%","18,99%","20,14%","20,63%","21,28%","21,40%","21,51%","22,38%","23,75%","24,57%","24,45%","24,42%","25,30%","26,06%","26,48%","26,56%","26,38%","27,21%","28,11%","28,02%","28,21%","28,22%","27,97%","28,34%","27,48%","26,30%","25,16%","24,49%"
,Warmińsko-Mazurskie,,,,,,,"36,61%","36,72%","36,38%","35,63%","35,19%","34,42%","34,57%","33,48%","32,93%","32,27%","31,90%","32,19%","31,87%","30,52%","29,01%","28,98%","29,29%","29,15%","28,52%","29,24%","30,40%","31,48%","31,93%","33,19%","33,49%","34,30%","35,54%","33,58%","32,56%","33,36%","32,12%","32,64%","32,24%","31,24%","32,11%","32,04%","31,62%","32,73%","32,94%","31,32%","31,35%","31,88%","32,59%","30,86%","27,78%","24,42%","23,02%","20,61%","17,69%","16,32%","16,71%","17,88%","18,55%","20,10%","20,64%","21,40%","21,21%","21,51%","21,16%","21,31%","21,18%","21,09%","21,70%","21,87%","21,61%","21,92%","22,39%","22,46%","23,20%","22,76%","22,61%","22,55%","22,20%","21,18%","21,79%","21,57%","21,73%","22,50%","22,98%","23,73%","25,93%","26,73%","27,92%","28,85%","29,68%","31,26%","32,02%","32,19%","32,99%","33,50%","34,34%","34,61%","34,98%","35,45%","35,28%","35,15%","35,41%","35,51%","35,20%","34,67%","34,52%","34,80%","34,01%","33,97%","33,93%","34,77%","35,20%","35,07%","35,26%","35,26%","34,18%","33,69%","33,44%","32,66%","31,96%","31,43%","31,38%","31,02%","30,97%","31,01%","30,83%","30,29%","29,71%","28,72%","28,61%","27,94%","26,26%","24,33%","22,96%","21,60%","21,00%"
,Wielkopolskie,,,,,,,"32,45%","32,77%","32,96%","32,17%","31,22%","30,14%","28,84%","28,15%","27,02%","26,05%","26,10%","25,81%","25,82%","26,18%","25,85%","25,96%","26,24%","26,02%","25,95%","26,00%","26,14%","25,50%","25,85%","25,94%","25,96%","26,10%","25,99%","24,72%","24,97%","24,84%","25,07%","25,03%","25,50%","26,29%","25,48%","25,30%","25,37%","24,87%","25,39%","23,43%","22,30%","23,86%","24,13%","22,92%","21,45%","19,00%","18,32%","16,90%","15,06%","14,24%","14,09%","13,84%","14,34%","14,93%","15,51%","16,04%","15,62%","15,84%","16,13%","15,85%","15,71%","15,46%","15,13%","14,89%","14,66%","14,30%","14,08%","13,93%","13,49%","13,64%","13,50%","12,96%","12,84%","12,42%","12,14%","12,38%","12,43%","12,39%","13,07%","13,45%","14,16%","14,61%","14,90%","15,21%","16,00%","16,37%","16,80%","17,19%","17,74%","18,59%","19,33%","18,95%","18,93%","19,59%","20,23%","20,91%","20,89%","21,46%","22,04%","22,66%","22,80%","23,58%","24,51%","25,70%","26,09%","27,48%","28,10%","28,81%","29,02%","29,44%","30,21%","31,21%","32,26%","32,83%","33,55%","34,62%","35,15%","35,63%","35,72%","35,78%","36,64%","36,96%","36,87%","36,53%","36,03%","35,99%","35,68%","34,11%","31,54%","30,27%","29,84%"
,Zachodniopomorskie,,,,,,,"32,58%","33,13%","32,49%","31,91%","32,02%","31,57%","30,90%","29,88%","29,36%","29,66%","30,07%","30,06%","29,77%","30,06%","29,76%","28,33%","28,92%","29,37%","29,03%","29,63%","30,25%","29,32%","30,58%","30,08%","30,02%","31,02%","32,04%","31,54%","31,95%","32,32%","32,81%","32,75%","32,58%","31,82%","31,89%","31,82%","31,65%","30,89%","31,63%","29,99%","28,61%","29,38%","30,07%","28,66%","26,91%","23,80%","22,68%","21,85%","18,35%","17,07%","17,11%","17,62%","17,67%","18,05%","18,16%","19,06%","18,19%","17,96%","17,53%","17,54%","17,34%","17,08%","17,35%","17,63%","17,44%","17,40%","16,92%","16,64%","16,05%","15,60%","14,99%","14,36%","14,07%","13,73%","13,31%","13,40%","13,22%","13,06%","13,47%","13,79%","14,47%","15,08%","15,25%","15,30%","15,36%","16,10%","15,82%","16,07%","16,15%","16,59%","16,67%","16,90%","16,48%","17,14%","17,02%","17,51%","17,56%","18,30%","18,83%","18,87%","18,54%","18,92%","19,20%","19,38%","19,78%","20,63%","21,30%","22,15%","23,15%","23,51%","24,59%","25,52%","25,71%","25,61%","26,27%","26,70%","26,83%","26,61%","26,43%","27,11%","27,66%","27,84%","27,13%","27,56%","27,70%","27,44%","26,57%","25,65%","23,97%","23,34%","22,13%"
,,,,,,,,,,,,,,,,,,,,,,,,,,,,,,,,,,,,,,,,,,,,,,,,,,,,,,,,,,,,,,,,,,,,,,,,,,,,,,,,,,,,,,,,,,,,,,,,,,,,,,,,,,,,,,,,,,,,,,,,,,,,,,,,,,,,,,,,,,
,POLSKA (suma z woj.),,,,,,,"26,71%","26,42%","26,00%","25,10%","24,60%","23,71%","23,05%","22,61%","22,16%","21,94%","22,26%","22,38%","22,71%","22,54%","22,31%","21,99%","21,89%","21,63%","21,48%","21,74%","21,89%","21,88%","22,31%","22,44%","22,55%","23,12%","23,48%","23,00%","22,67%","22,69%","22,78%","22,99%","22,65%","22,79%","22,56%","22,66%","22,44%","22,37%","22,53%","21,63%","20,56%","20,93%","20,99%","20,23%","18,57%","16,45%","15,38%","14,20%","12,50%","11,73%","11,62%","11,94%","12,50%","13,13%","13,70%","14,34%","14,22%","14,31%","14,31%","14,26%","14,07%","13,91%","13,85%","13,80%","13,72%","13,74%","13,71%","13,89%","14,03%","14,09%","14,09%","13,94%","13,76%","13,57%","13,34%","13,24%","13,31%","13,26%","13,55%","13,95%","14,43%","15,14%","15,68%","16,20%","16,87%","17,44%","17,99%","18,63%","19,21%","19,79%","20,41%","20,72%","20,83%","21,59%","22,06%","22,82%","23,25%","23,86%","24,07%","24,42%","24,49%","25,10%","25,32%","26,02%","26,21%","27,17%","27,76%","28,38%","28,81%","29,04%","29,22%","29,98%","30,51%","30,64%","30,87%","31,08%","31,46%","31,67%","31,64%","31,83%","32,24%","32,38%","32,28%","31,92%","31,72%","31,46%","30,68%","29,60%","27,35%","26,36%","25,87%"
,,,,,,,,,,,,,,,,,,,,,,,,,,,,,,,,,,,,,,,,,,,,,,,,,,,,,,,,,,,,,,,,,,,,,,,,,,,,,,,,,,,,,,,,,,,,,,,,,,,,,,,,,,,,,,,,,,,,,,,,,,,,,,,,,,,,,,,,,,
,,,,,,,,,,,,,,,,,,,,,,,,,,,,,,,,,,,,,,,,,,,,,,,,,,,,,,,,,,,,,,,,,,,,,,,,,,,,,,,,,,,,,,,,,,,,,,,,,,,,,,,,,,,,,,,,,,,,,,,,,,,,,,,,,,,,,,,,,,
,,Dobowa liczba przebadanych próbek na 100 tys. mieszkańców,,,,,,,,,,,,,,,,,,,,,,,,,,,,,,,,,,,,,,,,,,,,,,,,,,,,,,,,,,,,,,,,,,,,,,,,,,,,,,,,,,,,,,,,,,,,,,,,,,,,,,,,,,,,,,,,,,,,,,,,,,,,,,,,,,,,,,,,
Dobowa liczba przebadanych próbek na 100 tys. mieszkańców,Województwo,24.11,25.11,26.11,27.11,28.11,29.11,30.11,01.12,02.12,03.12,04.12,05.12,06.12,07.12,08.12,09.12,10.12,11.12,12.12,13.12,14.12,15.12,16.12,17.12,18.12,19.12,20.12,21.12,22.12,23.12,24.12,25.12,26.12,27.12,28.12,29.12,30.12,31.12,01.01,02.01,03.01,04.01,05.01,06.01,07.01,08.01,09.01,10.01,11.01,12.01,13.01,14.01,15.01,16.01,17.01,18.01,19.01,20.01,21.01,22.01,23.01,24.01,25.01,26.01,27.01,28.01,29.01,30.01,31.01,01.02,02.02,03.02,04.02,05.02,06.02,07.02,08.02,09.02,10.02,11.02,12.02,13.02,14.02,15.02,16.02,17.02,18.02,19.02,20.02,21.02,22.02,23.02,24.02,25.02,26.02,27.02,28.02,01.03,02.03,03.03,04.03,05.03,06.03,07.03,08.03,09.03,10.03,11.03,12.03,13.03,14.03,15.03,16.03,17.03,18.03,19.03,20.03,21.03,22.03,23.03,24.03,25.03,26.03,27.03,28.03,29.03,30.03,31.03,01.04,02.04,03.04,04.04,05.04,06.04,07.04,08.04,09.04
,Dolnośląskie,143,127,153,171,187,85,55,127,119,121,148,137,77,43,107,134,146,141,127,80,60,122,123,117,106,102,76,54,101,124,116,68,37,24,36,115,127,137,146,49,64,34,130,129,108,113,120,75,46,123,176,170,182,179,119,55,165,119,128,134,127,68,61,137,133,158,125,104,79,51,126,118,111,94,95,83,32,96,107,109,119,118,69,38,109,129,135,120,109,67,49,100,146,145,135,135,101,72,130,141,157,132,163,98,59,130,146,167,161,188,143,107,151,193,225,227,236,146,118,190,242,252,272,253,194,157,244,260,302,314,258,206,103,86,226,256,296
,Kujawsko-Pomorskie,130,237,206,217,189,98,67,231,198,573,219,638,104,60,216,198,227,181,246,122,78,166,192,200,189,193,119,78,164,191,224,107,67,58,56,153,190,220,154,76,110,76,195,228,142,215,204,144,82,175,229,238,221,193,161,55,157,134,150,136,145,102,62,135,151,151,146,149,92,63,169,138,158,137,139,92,56,152,156,138,154,155,105,69,144,152,171,146,150,102,66,141,174,173,173,188,107,90,145,177,186,174,176,136,84,170,184,222,186,216,138,113,205,219,228,263,251,171,115,207,215,309,307,284,258,133,238,259,274,243,240,169,87,102,216,297,251
,Lubelskie,108,132,146,137,145,91,46,110,134,135,117,128,61,41,119,130,124,123,138,63,46,102,134,123,105,112,58,54,108,116,108,70,48,29,42,105,120,107,81,56,52,55,116,129,77,108,116,86,46,134,187,177,160,156,123,37,143,105,100,88,101,72,39,105,105,104,124,100,70,40,102,111,91,99,100,64,60,97,117,110,113,106,78,42,108,118,113,114,105,77,45,93,139,120,108,127,78,44,132,127,119,112,126,88,85,148,153,135,151,150,102,61,157,166,180,168,160,119,65,162,181,194,185,187,145,89,189,182,213,189,183,106,57,74,225,221,227
,Lubuskie,107,158,155,155,161,96,83,108,133,139,159,136,103,60,132,122,147,157,157,98,82,129,132,116,154,143,102,111,97,138,129,98,38,34,37,128,145,151,129,57,76,56,88,167,111,140,165,125,81,135,206,204,178,208,170,71,128,126,118,133,98,79,65,105,122,123,112,114,94,51,104,131,122,115,116,82,57,107,177,132,152,153,87,61,152,160,175,150,138,108,84,104,175,171,175,165,148,68,135,166,165,179,206,138,105,157,197,203,210,216,156,131,155,215,204,226,233,187,205,239,280,297,296,278,231,215,214,248,261,260,271,184,116,198,266,272,284
,Łódzkie,124,155,170,182,149,112,76,153,173,148,158,167,106,47,146,155,159,143,136,98,60,130,164,147,137,143,80,46,109,143,152,104,47,48,46,140,140,128,115,93,74,66,135,189,121,136,166,111,64,148,210,224,197,178,112,44,119,131,142,108,120,80,44,115,137,125,102,115,76,52,131,129,117,121,122,77,44,121,138,128,104,127,80,49,132,140,120,131,129,82,54,121,164,141,127,148,82,59,140,174,162,139,159,122,63,165,185,192,152,188,119,88,197,218,194,209,216,154,133,210,260,278,284,256,206,123,242,280,294,258,225,175,118,92,249,297,303
,Małopolskie,106,147,134,154,132,82,74,116,140,135,144,131,72,48,106,99,87,71,71,60,39,62,89,74,76,80,50,41,61,98,87,42,40,25,35,59,91,81,66,43,49,50,72,106,69,82,98,68,50,89,138,130,127,125,87,47,73,83,79,72,79,56,39,71,83,78,77,80,59,40,72,89,78,66,70,56,36,78,93,100,85,94,67,45,88,109,93,105,98,78,54,74,121,115,102,108,98,55,99,135,117,116,133,106,74,108,146,137,126,160,127,84,127,167,179,161,180,135,108,122,202,226,220,219,177,128,164,230,242,223,206,159,108,131,242,294,224
,Mazowieckie,111,122,139,181,198,105,62,92,156,144,167,192,94,68,135,134,149,174,165,113,65,124,155,130,137,145,99,63,107,143,188,106,58,44,43,130,144,152,118,73,72,76,103,141,120,127,135,116,63,120,181,236,207,213,164,102,119,130,118,115,124,88,55,101,126,125,135,127,98,65,96,129,119,111,113,88,58,106,144,150,148,155,97,61,110,144,161,135,140,113,71,104,163,179,149,171,134,86,134,183,185,178,175,169,96,147,176,240,180,222,210,157,181,251,272,256,282,206,153,223,270,321,297,314,259,177,240,286,322,304,282,229,90,140,190,282,280
,Opolskie,141,140,155,151,145,107,58,142,90,146,136,128,105,49,99,107,142,120,134,65,68,82,129,115,128,114,93,55,60,102,122,75,34,43,36,86,108,134,88,65,69,46,110,118,113,84,130,96,67,102,140,176,190,153,154,103,105,92,124,94,102,89,51,95,88,109,106,79,77,50,91,104,112,93,97,82,57,109,87,139,82,139,92,58,119,125,135,107,113,98,73,106,132,124,100,118,100,80,122,132,128,120,103,115,87,119,129,131,142,140,132,115,127,158,185,182,151,176,144,169,179,220,223,200,214,144,150,201,239,243,189,168,120,203,324,297,267
,Podkarpackie,112,103,114,118,109,52,38,96,100,88,84,70,53,49,107,84,96,87,111,69,80,151,92,87,81,83,40,56,91,75,88,54,33,26,31,62,79,86,79,52,41,43,94,137,125,110,117,75,61,83,161,152,157,125,94,32,93,101,85,80,85,68,34,81,93,90,84,77,50,69,92,96,88,91,91,63,52,100,126,120,103,88,67,60,123,142,124,101,101,65,86,84,143,133,137,128,94,66,145,133,147,141,131,114,72,132,163,180,154,132,168,86,193,224,233,217,198,149,100,160,236,237,213,205,164,95,163,193,199,198,166,115,77,84,169,216,195
,Podlaskie,105,105,104,125,132,75,34,82,117,100,108,104,68,39,95,103,114,118,127,71,37,101,125,101,94,102,70,35,80,108,109,62,35,32,30,87,115,99,104,51,56,33,91,132,71,104,121,73,37,117,202,177,155,132,66,34,105,101,83,100,105,51,38,88,120,85,106,106,64,39,86,107,106,85,88,54,42,90,122,107,107,106,65,37,97,124,117,98,124,69,41,87,152,119,121,126,78,41,112,136,132,118,134,73,52,119,163,134,133,129,83,59,115,176,147,139,160,90,58,127,184,163,169,168,107,69,133,184,166,157,147,101,57,55,153,193,193
,Pomorskie,159,149,149,206,173,138,81,104,171,198,159,175,139,71,126,149,156,173,152,156,76,120,149,172,135,176,137,82,128,178,178,116,68,74,91,115,186,169,174,106,120,113,134,173,155,181,197,177,103,134,207,267,242,222,198,122,116,137,143,166,124,99,77,115,148,149,129,153,110,77,97,154,129,100,102,105,89,127,147,159,148,136,140,98,107,151,151,135,164,145,93,125,171,164,164,185,160,98,127,203,201,182,218,153,127,135,196,212,208,196,202,149,155,265,214,231,232,172,171,163,239,245,342,288,253,151,188,237,260,261,295,211,105,125,326,301,256
,Śląskie,105,136,138,151,126,70,41,105,129,131,131,120,71,34,101,127,118,110,108,61,38,92,131,110,103,91,62,34,93,119,94,58,34,32,37,93,114,101,84,41,41,45,110,141,86,92,108,72,41,117,164,178,158,162,110,48,87,111,100,92,85,50,44,89,102,103,91,89,51,37,87,102,92,91,91,53,41,98,129,114,104,91,63,45,98,124,129,106,107,65,49,84,151,120,107,120,82,49,103,153,139,140,124,104,65,121,183,171,161,184,139,91,151,233,215,229,216,188,119,156,262,286,291,279,236,146,196,329,327,269,254,206,112,114,202,328,316
,Świętokrzyskie,111,104,130,121,104,88,54,99,126,118,105,94,83,51,116,105,106,109,137,86,76,150,125,112,90,80,64,56,90,86,81,47,51,37,36,86,87,109,105,70,62,55,92,125,84,86,126,86,60,112,207,210,165,193,131,69,118,122,100,102,83,77,50,98,113,109,102,113,73,55,95,102,88,102,103,79,66,94,107,133,117,112,73,61,105,114,121,123,115,77,69,109,159,149,134,135,83,82,130,130,165,135,133,106,76,132,150,189,142,182,134,99,166,190,227,194,219,134,126,259,247,264,227,252,204,180,193,227,237,228,230,152,106,99,191,257,222
,Warmińsko-Mazurskie,131,164,201,199,185,105,61,143,161,200,196,174,114,51,166,154,183,230,182,137,100,182,180,196,181,148,104,45,161,169,166,113,52,48,49,174,217,190,166,64,79,51,151,191,122,145,184,97,61,215,242,282,215,208,120,52,134,146,133,136,114,54,40,130,128,127,131,106,66,40,141,124,130,114,115,64,37,187,180,182,131,140,63,53,199,193,158,150,154,82,45,155,198,160,169,178,113,52,183,211,170,196,204,132,59,185,244,193,204,202,143,63,203,216,207,211,196,125,77,214,264,224,227,187,185,61,197,236,220,179,188,122,53,61,215,216,237
,Wielkopolskie,80,124,133,161,155,122,51,91,133,166,131,139,113,48,97,128,156,143,119,107,49,102,135,152,119,137,105,47,81,134,156,105,61,50,44,95,145,144,112,88,85,48,115,154,140,122,150,115,61,121,167,193,164,165,161,43,114,125,110,110,106,79,47,106,106,111,114,109,85,41,93,111,100,112,114,81,47,91,125,125,114,109,84,49,96,129,115,116,105,98,42,93,137,121,112,128,108,48,99,141,144,129,132,119,71,105,152,158,151,179,137,97,122,190,225,218,230,160,117,154,256,243,308,237,267,131,167,279,301,271,230,194,115,98,211,267,285
,Zachodniopomorskie,108,179,174,162,154,146,94,94,154,188,173,183,149,102,114,178,174,192,196,121,116,128,180,186,178,171,138,151,96,186,168,151,81,54,67,158,169,152,149,90,102,105,132,184,195,126,194,156,115,153,239,256,244,187,176,85,147,156,150,143,136,89,54,124,133,134,125,124,91,67,125,127,133,111,112,85,61,136,134,126,129,129,86,61,129,143,143,109,134,91,58,119,154,140,121,137,110,64,109,174,151,122,144,106,67,124,156,194,168,147,112,90,146,195,171,195,177,130,128,134,225,220,234,225,179,133,198,262,241,224,193,153,81,106,229,212,261
,,,,,,,,,,,,,,,,,,,,,,,,,,,,,,,,,,,,,,,,,,,,,,,,,,,,,,,,,,,,,,,,,,,,,,,,,,,,,,,,,,,,,,,,,,,,,,,,,,,,,,,,,,,,,,,,,,,,,,,,,,,,,,,,,,,,,,,,,,
,POLSKA (suma z woj.),115,140,148,165,156,97,60,115,142,167,147,170,92,53,122,132,141,140,139,94,62,117,139,131,122,125,86,59,101,132,138,85,49,41,45,110,135,133,114,66,70,60,116,150,114,122,141,103,62,126,185,202,183,175,134,63,117,119,115,111,109,74,50,104,117,117,113,109,77,52,104,117,109,102,103,75,51,108,130,128,120,121,82,54,114,135,134,121,122,89,60,102,153,142,131,143,106,66,124,158,155,145,153,121,78,135,170,183,164,182,148,104,160,211,215,215,218,160,123,178,240,258,267,251,215,137,200,257,273,252,232,178,97,110,222,272,265
,,,,,,,,,,,,,,,,,,,,,,,,,,,,,,,,,,,,,,,,,,,,,,,,,,,,,,,,,,,,,,,,,,,,,,,,,,,,,,,,,,,,,,,,,,,,,,,,,,,,,,,,,,,,,,,,,,,,,,,,,,,,,,,,,,,,,,,,,,
,,,,,,,,,,,,,,,,,,,,,,,,,,,,,,,,,,,,,,,,,,,,,,,,,,,,,,,,,,,,,,,,,,,,,,,,,,,,,,,,,,,,,,,,,,,,,,,,,,,,,,,,,,,,,,,,,,,,,,,,,,,,,,,,,,,,,,,,,,
,,Średnia 7-dniowa dobowej liczby testów na 100 tys. mieszkańców,,,,,,,,,,,,,,,,,,,,,,,,,,,,,,,,,,,,,,,,,,,,,,,,,,,,,,,,,,,,,,,,,,,,,,,,,,,,,,,,,,,,,,,,,,,,,,,,,,,,,,,,,,,,,,,,,,,,,,,,,,,,,,,,,,,,,,,,
Średnia 7-dniowa dobowej liczby testów na 100 tys. mieszkańców,Województwo,24.11,25.11,26.11,27.11,28.11,29.11,30.11,01.12,02.12,03.12,04.12,05.12,06.12,07.12,08.12,09.12,10.12,11.12,12.12,13.12,14.12,15.12,16.12,17.12,18.12,19.12,20.12,21.12,22.12,23.12,24.12,25.12,26.12,27.12,28.12,29.12,30.12,31.12,01.01,02.01,03.01,04.01,05.01,06.01,07.01,08.01,09.01,10.01,11.01,12.01,13.01,14.01,15.01,16.01,17.01,18.01,19.01,20.01,21.01,22.01,23.01,24.01,25.01,26.01,27.01,28.01,29.01,30.01,31.01,01.02,02.02,03.02,04.02,05.02,06.02,07.02,08.02,09.02,10.02,11.02,12.02,13.02,14.02,15.02,16.02,17.02,18.02,19.02,20.02,21.02,22.02,23.02,24.02,25.02,26.02,27.02,28.02,01.03,02.03,03.03,04.03,05.03,06.03,07.03,08.03,09.03,10.03,11.03,12.03,13.03,14.03,15.03,16.03,17.03,18.03,19.03,20.03,21.03,22.03,23.03,24.03,25.03,26.03,27.03,28.03,29.03,30.03,31.03,01.04,02.04,03.04,04.04,05.04,06.04,07.04,08.04,09.04
,Dolnośląskie,,,,,,,132,129,128,124,120,113,112,110,107,109,113,112,111,111,114,116,114,110,105,101,101,100,97,97,97,92,82,75,72,74,75,78,89,91,96,96,98,99,95,90,100,101,103,102,109,117,127,136,142,143,149,141,135,128,121,114,114,111,112,117,115,112,114,112,111,109,102,97,96,97,94,90,88,88,92,95,93,94,96,99,102,102,101,101,103,101,104,105,107,111,116,119,123,123,124,124,128,128,126,126,126,128,132,136,142,149,152,158,167,176,183,184,185,191,198,201,208,210,217,223,230,233,240,246,247,249,241,218,214,207,205
,Kujawsko-Pomorskie,,,,,,,163,178,172,225,225,289,290,289,287,287,238,232,176,179,181,174,173,169,170,163,162,162,162,162,165,154,136,127,124,122,122,122,128,130,137,140,146,151,140,149,167,172,173,170,170,184,185,183,186,182,179,166,153,141,134,126,127,123,126,126,128,128,127,127,132,130,131,129,128,128,127,125,127,125,127,129,131,133,132,131,136,134,134,133,133,132,136,136,140,145,146,150,150,151,152,152,151,155,154,158,158,164,165,171,171,175,180,185,186,197,202,207,207,208,207,219,225,230,242,245,249,255,250,241,235,222,216,196,190,193,195
,Lubelskie,,,,,,,115,115,116,114,111,109,105,104,105,105,103,104,105,106,106,104,104,104,102,98,97,98,99,97,94,89,80,76,74,74,75,74,76,77,80,82,84,85,81,85,93,98,97,99,108,122,129,135,140,139,141,129,118,108,100,92,93,87,87,88,93,93,92,93,92,93,91,88,88,87,90,89,90,93,94,95,97,95,96,97,97,97,97,97,97,95,98,99,98,101,101,101,107,105,105,106,105,107,113,115,119,121,127,130,132,129,130,132,138,141,142,145,145,146,148,150,152,156,160,163,167,167,170,170,170,164,160,143,150,151,156
,Lubuskie,,,,,,,131,131,127,125,126,122,123,120,123,122,123,122,125,125,128,127,129,124,124,122,123,127,122,123,125,117,102,92,81,86,87,90,94,97,103,106,100,104,98,99,115,122,125,132,138,151,156,162,169,167,166,155,143,136,121,108,107,104,103,104,101,103,105,103,103,104,104,105,105,103,104,104,111,112,118,123,124,124,131,128,134,134,132,135,138,131,133,133,136,140,146,144,148,147,146,147,152,151,156,160,164,169,174,175,178,181,181,184,184,186,188,193,204,216,225,238,248,254,261,262,258,254,249,244,243,236,222,220,222,224,227
,Łódzkie,,,,,,,138,142,145,142,138,141,140,136,135,133,134,132,128,126,128,126,127,126,125,126,123,121,118,115,116,111,97,93,93,97,97,93,95,102,105,108,107,114,113,116,127,132,132,134,137,151,160,162,162,159,155,143,132,119,111,106,106,106,107,104,103,103,102,103,105,104,103,106,107,107,106,104,106,107,105,106,106,107,108,109,107,111,111,112,112,111,114,117,117,119,119,120,123,124,127,129,131,136,137,140,142,146,148,152,152,156,160,165,165,173,177,182,189,191,197,209,219,225,232,231,236,238,241,237,233,228,227,206,202,202,209
,Małopolskie,,,,,,,118,120,119,119,117,117,116,112,111,105,98,88,79,77,76,70,68,66,67,68,67,67,67,69,71,66,60,56,55,55,54,53,57,57,61,63,64,67,65,67,75,78,78,80,85,93,100,104,107,106,104,96,89,81,74,70,69,69,69,68,69,69,70,70,70,71,71,69,68,67,67,67,68,71,74,77,79,80,82,84,83,86,86,88,89,87,89,92,92,93,96,96,100,102,102,104,107,109,111,113,114,117,119,122,125,127,130,133,139,144,146,148,151,150,155,162,171,176,182,185,191,195,197,198,196,193,190,186,187,195,195
,Mazowieckie,,,,,,,131,128,133,134,132,131,129,130,137,134,134,135,131,134,134,132,135,132,127,124,122,122,119,118,126,122,109,101,98,102,102,97,98,100,104,109,105,105,101,102,111,117,115,117,123,140,151,162,169,175,174,167,150,137,125,114,107,104,104,105,108,108,109,111,110,111,110,107,105,103,102,104,106,110,115,122,123,123,124,124,125,123,121,123,125,124,127,129,131,136,139,141,145,148,149,153,154,159,160,162,161,169,169,176,182,190,195,206,210,221,230,229,229,235,238,245,251,255,263,266,269,271,271,272,267,263,250,236,222,217,213
,Opolskie,,,,,,,128,128,121,120,118,115,115,114,108,110,109,107,108,102,105,103,106,102,103,100,104,102,99,95,96,89,77,70,68,71,72,74,76,80,84,85,88,90,87,86,96,100,103,101,104,114,129,132,140,145,146,139,131,118,111,101,94,93,92,90,91,88,86,86,86,88,88,87,89,90,91,93,91,95,93,99,101,101,102,108,107,111,107,108,110,108,109,108,107,107,108,109,111,111,111,114,112,114,115,115,115,115,118,123,126,130,131,135,143,148,150,156,160,166,169,174,180,187,193,193,190,193,196,199,197,190,187,195,212,220,224
,Podkarpackie,,,,,,,92,90,90,86,81,75,75,77,79,76,77,78,84,86,91,97,98,97,96,92,88,84,76,73,73,70,62,60,57,53,53,53,57,59,62,63,68,76,82,86,95,100,103,101,105,109,115,116,119,115,116,108,98,87,81,78,78,76,75,76,76,75,73,78,79,80,79,80,82,84,82,83,87,92,93,93,94,95,98,101,101,101,103,102,106,100,100,102,107,111,115,112,121,119,121,122,122,125,126,125,129,134,135,135,143,145,154,162,170,179,188,186,188,183,185,185,185,186,188,187,188,182,176,174,168,161,159,147,144,147,146
,Podlaskie,,,,,,,97,94,95,95,93,89,88,88,90,88,90,92,95,95,95,96,99,97,94,90,90,90,87,84,85,81,71,66,65,66,67,66,72,74,77,78,78,81,77,77,87,89,90,94,104,119,126,128,127,126,125,110,97,89,85,83,83,81,84,84,85,85,87,87,87,85,88,85,82,81,81,82,84,84,87,90,91,91,92,92,93,92,94,95,96,94,98,99,102,102,103,103,107,105,107,106,107,107,108,109,113,113,116,115,116,117,117,119,120,121,126,127,126,128,129,131,136,137,139,141,142,142,142,141,138,137,135,124,119,123,128
,Pomorskie,,,,,,,151,143,146,153,146,147,147,145,149,145,139,141,138,140,141,140,140,142,137,141,138,139,140,144,145,142,127,117,119,117,118,117,125,131,137,140,143,141,139,140,153,162,160,160,165,181,190,193,196,199,196,186,169,158,144,130,123,123,125,125,120,124,126,126,123,124,121,117,110,109,111,115,114,118,125,130,135,136,134,134,133,131,135,136,135,138,141,143,147,150,152,152,153,157,163,165,170,169,173,174,173,175,178,175,182,185,188,198,198,202,207,203,206,207,203,208,223,231,243,240,244,243,245,234,235,229,222,214,226,232,231
,Śląskie,,,,,,,109,110,109,107,105,104,104,103,102,102,100,97,96,94,95,93,94,93,92,89,90,89,89,87,85,79,71,66,67,67,66,67,71,72,73,74,77,80,78,79,89,93,93,94,97,110,120,128,133,134,130,122,111,101,90,82,81,82,80,81,81,81,81,80,80,80,78,78,79,79,80,81,85,88,90,90,91,92,92,91,94,94,96,96,97,95,99,97,98,99,102,102,105,105,107,112,113,116,118,121,125,130,133,141,146,150,154,161,168,178,182,189,193,194,198,208,217,226,233,236,242,252,258,255,251,247,242,230,212,212,219
,Świętokrzyskie,,,,,,,102,100,103,101,99,98,97,97,99,96,94,95,101,101,105,110,113,114,111,103,100,97,88,83,78,72,68,64,61,61,61,65,73,76,79,82,83,88,85,82,90,94,94,97,109,127,138,148,154,155,156,144,128,119,104,96,93,90,89,90,90,94,94,95,94,93,90,90,88,89,91,91,91,98,100,101,100,100,101,102,101,102,102,103,104,104,111,114,116,119,120,121,124,120,123,123,122,126,125,125,128,131,132,140,144,147,152,158,163,170,176,176,179,193,201,206,211,215,226,233,224,221,217,217,214,207,196,183,177,180,179
,Warmińsko-Mazurskie,,,,,,,149,151,151,151,150,149,150,149,152,151,148,153,154,158,165,167,171,172,165,161,156,148,145,143,139,129,116,108,108,110,117,120,128,130,134,134,131,127,118,115,132,134,136,145,152,175,185,189,192,191,179,165,144,133,119,110,108,108,105,104,103,102,104,104,105,105,105,103,104,104,104,110,118,126,128,132,132,134,136,137,134,137,138,141,140,134,135,135,138,141,146,147,151,152,154,158,161,164,165,165,170,173,174,174,176,176,179,175,177,178,177,174,176,178,185,187,190,188,197,195,192,188,188,181,181,172,171,151,148,147,156
,Wielkopolskie,,,,,,,118,120,121,126,121,119,118,117,118,117,116,118,115,114,114,115,116,116,112,114,114,114,111,111,111,109,98,90,90,92,94,92,93,97,102,103,105,107,106,107,116,121,123,123,125,133,139,141,148,145,144,138,126,118,110,98,99,98,95,95,96,96,97,96,94,95,93,93,94,93,94,94,96,99,100,99,99,99,100,101,99,100,99,101,100,100,101,102,101,105,106,107,108,108,111,114,114,116,119,120,122,124,127,134,136,140,142,148,157,167,174,177,180,185,194,197,210,211,226,228,230,233,241,236,235,225,222,212,203,198,200
,Zachodniopomorskie,,,,,,,145,143,140,142,143,147,148,149,152,155,153,156,158,154,156,158,158,160,158,154,157,162,157,158,155,152,139,127,115,124,121,119,119,120,127,132,129,131,137,133,148,156,157,160,168,177,194,193,196,191,191,179,163,149,142,129,125,122,118,116,114,112,112,114,114,113,113,111,109,108,108,109,110,109,112,114,114,114,113,115,117,114,115,116,115,114,115,115,117,117,120,121,119,122,124,124,125,124,125,127,124,130,137,137,138,142,145,150,147,151,155,158,163,161,166,173,178,185,192,193,202,207,210,209,204,201,193,180,175,171,176
,,,,,,,,,,,,,,,,,,,,,,,,,,,,,,,,,,,,,,,,,,,,,,,,,,,,,,,,,,,,,,,,,,,,,,,,,,,,,,,,,,,,,,,,,,,,,,,,,,,,,,,,,,,,,,,,,,,,,,,,,,,,,,,,,,,,,,,,,,
,POLSKA,,,,,,,126,126,126,129,126,128,128,127,128,126,123,122,117,117,119,118,119,117,115,113,112,111,109,108,109,104,93,86,84,86,86,85,89,92,96,98,99,101,99,100,110,115,115,117,122,134,143,148,153,153,151,142,130,119,110,101,99,98,97,98,98,98,98,99,98,98,97,96,95,95,94,95,97,100,102,105,106,106,107,108,109,109,109,110,111,109,112,113,114,117,120,120,124,124,126,128,130,132,134,135,137,141,143,147,151,155,158,164,169,176,181,183,186,189,193,199,206,211,219,221,224,226,228,226,224,218,213,200,195,195,197
,,,,,,,,,,,,,,,,,,,,,,,,,,,,,,,,,,,,,,,,,,,,,,,,,,,,,,,,,,,,,,,,,,,,,,,,,,,,,,,,,,,,,,,,,,,,,,,,,,,,,,,,,,,,,,,,,,,,,,,,,,,,,,,,,,,,,,,,,,
,,,,,,,,,,,,,,,,,,,,,,,,,,,,,,,,,,,,,,,,,,,,,,,,,,,,,,,,,,,,,,,,,,,,,,,,,,,,,,,,,,,,,,,,,,,,,,,,,,,,,,,,,,,,,,,,,,,,,,,,,,,,,,,,,,,,,,,,,,
UWAGI  ➤,,Dane o liczbie przeprowadzonych testów w woj. na podstawie raportów MZ od 11.05 do 28.12.2020 są dostępne w zakładce 'Testy w województwach od 11.05 do 28.12.2020' (link),,,,,,,,,,,,,,,,,,,,,,,,,,,,,,,,,,,,,,,,,,,,,,,,,,,,,,,,,,,,,,,,,,,,,,,,,,,,,,,,,,,,,,,,,,,,,,,,,,,,,,,,,,,,,,,,,,,,,,,,,,,,,,,,,,,,,,,,